중점_위도,중점_경도,경사각,최근접_시설의_평균거리,열선여부,행정동,주소,도로명_여부
37.61743706,127.04552998013553,2.1885579446208583,195.57162912399272,1,장위동,동작구 성대로17길,1
37.49805329,126.9365532279095,8.566146734317426,221.45320218299275,1,상도동,동작구 성대로17길,1
37.61341051900145,126.977763,5.044559044910811,642.3497041009762,1,평창동,종로구 평창31길,1
37.55345789,127.0209811,2.316845106,118.94976667161448,1,금호동2가,성동구 무수막18길 1,1
37.57677449738645,127.0068204,9.467531923640276,177.27638216118115,1,이화동,종로구 율곡로19길 41-3,1
37.61916148591905,127.0061004,5.189649089652688,184.0628457084011,1,정릉동,성북구 솔샘로25길 28,1
37.4934635,127.14766725965252,0.012751883,153.1881167337662,1,거여동,송파구 거여동 697-8,0
37.552775337040345,127.0962805,7.57454613,192.5283645797985,1,구의동,광진구 구의동 15-1,0
37.563498566209645,127.0288336,5.7224274478996815,116.69547494696896,1,하왕십리동,성동구 하왕십리동 890-406,0
37.47223548503905,126.9004891,0.2951837887782342,158.25609407381577,1,독산동,금천구 독산동 160-6,0
37.60831595516175,126.97123566934452,15.86310044,273.0092704781784,1,평창동,종로구 평창동 산 6-6,0
37.55318835,127.0963361,5.566320351591077,192.44586925412935,1,구의동,광진구 구의동 15-1,0
37.63404550354775,127.0285266438215,0.5998682248048417,97.32775319674906,1,번동,강북구 번동 437-117,0
37.548219662024195,126.9651066,0.8975238646929679,82.56463668442635,1,청파동1가,용산구 청파동1가 89-72,0
37.57017642972245,127.0854972829015,5.040518359,184.5279978902635,1,중곡동,광진구 중곡동 546,0
37.62660142,127.0107029,12.734163240873425,273.1657080279283,1,수유동,강북구 수유동 486-1176,0
37.648224501741495,127.0288409,3.3880687387250137,222.8231677277926,1,쌍문동,도봉구 쌍문동 315-361,0
37.51916421043505,127.0487955,3.402048843363184,250.48150405849873,1,청담동,강남구 청담동 46-10,0
37.600372245926195,127.0317287622545,3.3499304328220156,113.52462484055177,1,종암동,성북구 종암동 79-471,0
37.50593091,127.0304936,0.029556962,238.96627968391937,1,역삼동,강남구 역삼동 604-12,0
37.491096081763345,126.96351522989453,6.125867543897519,121.30168139637968,1,사당동,동작구 사당동 708-537,0
37.47833894406055,127.0042391283915,2.8035246272360417,296.25626450226594,1,방배동,서초구 방배동 1036-4,0
37.55638713,127.0311233933845,3.7465070250200663,230.10261958915584,1,행당동,성동구 행당동 346-9,0
37.556221160392894,127.0336342805015,1.6860261571177555,123.95405330909888,1,행당동,성동구 행당동 376-4,0
37.49287250938825,126.9371562,0.1817965966171699,273.4778922133168,1,상도동,동작구 상도동 산 77-14,0
37.64662804,127.0398455,0.5374671654702581,158.48894967007783,1,창동,도봉구 창동 산 107-223,0
37.54724417225505,126.9600622,6.325500333,80.83716796148103,1,공덕동,마포구 공덕동 111-363,0
37.60759967328565,127.0276093312935,6.601814590770603,117.82878283428184,1,길음동,성북구 길음동 1289-8,0
37.55440396,126.9449631491795,8.058608879,115.07034904242948,1,대흥동,마포구 대흥동 13-128,0
37.49375948,126.9486532,2.7629332703208034,220.8744841391126,1,,,FALSE
37.65246973001305,127.02368663563352,8.876088022,227.30811764289632,1,쌍문동,도봉구 쌍문동 460-17,0
37.5537293,127.0180444,14.896704417805706,69.08777979560301,1,금호동2가,성동구 금호동2가 1-2,0
37.54969012,127.0223300481665,8.251801744,182.45116442315057,1,금호동3가,성동구 금호동3가 702,0
37.507964118279205,126.9216100560175,0.2101473455715825,147.87807153933358,1,신길동,영등포구 신길동 458-4,0
37.59204361,127.0071047386445,7.082448841325491,137.2728693721921,1,성북동,성북구 성북동 168-276,0
37.54611186,126.9731985,4.6216496767228765,158.02664540007564,1,갈월동,용산구 갈월동 34-4,0
37.54296208,126.9416749,0.5285728434171391,139.82898697311742,1,용강동,마포구 용강동 335-16,0
37.65026025,127.0300137,0.6337870693176312,165.48387856671246,1,쌍문동,도봉구 쌍문동 139-33,0
37.61255967578885,127.0383671123015,12.273235358867671,176.90313372500083,1,장위동,성북구 장위동 231-170,0
37.59808482220665,127.0154400459945,15.055484215703352,163.2905972305588,1,돈암동,성북구 돈암동 413-59,0
37.45401595830885,126.9135449903395,0.1728099208436447,246.29214791500857,1,시흥동,금천구 시흥동 218-10,0
37.47865306,126.9760068,0.5911576111282121,223.1853628001948,1,사당동,동작구 사당동 419-158,0
37.50016742,126.8564508206295,3.427505103241837,153.75929865668564,1,고척동,구로구 고척동 98-79,0
37.65362425990875,127.0229449711975,8.741283360304301,297.0570499478994,1,쌍문동,도봉구 쌍문동 460-17,0
37.604417429787105,127.0088764,9.349387177917018,220.6584763,1,정릉동,성북구 정릉동 435-2,0
37.51176749708205,126.9071076621025,0.323714335,162.07066286537233,1,도림동,영등포구 도림동 23-1,0
37.47982501827845,126.9887962,5.104940695223786,224.80714145852707,1,방배동,서초구 방배동 산 75-6,0
37.4848632,126.9975871013435,10.126183082445069,146.1155478789613,1,방배동,서초구 방배동 169-18,0
37.56827477135935,127.088024,9.998649057347768,243.74783902982216,1,중곡동,광진구 중곡동 176-119,0
37.51136819684605,127.0194543,1.668896669,229.46468715214132,1,잠원동,서초구 잠원동 97,0
37.514710932529994,127.0207159771605,7.8270706168950435,310.33761060203017,1,논현동,강남구 논현동 279-93,0
37.60527389197125,127.0514509,12.723787859241003,269.88522353418557,1,상월곡동,성북구 상월곡동 24-349,0
37.50104452912455,126.8848200877035,0.1868987599145522,127.28516178357695,1,구로동,구로구 구로동 551-230,0
37.6002199,127.0233987,4.426196376274178,179.0333471354557,1,돈암동,성북구 돈암동 15-10,0
37.55831061505625,126.9636189,7.734170665982345,160.4567967744953,1,중림동,중구 중림동 396-20,0
37.556410322454354,126.9620501,4.222614889679715,195.87199546934676,1,아현동,마포구 아현동 731,0
37.496093837540656,126.9368276961165,8.393344953323044,148.87681741139437,1,상도동,동작구 상도동 279-118,0
37.54844761,126.8424321,5.920674190518634,190.79317694918785,1,화곡동,강서구 화곡동 77-101,0
37.65179885829185,127.0322385,5.2550159349768775,144.03364280463197,1,쌍문동,도봉구 쌍문동 137-53,0
37.497546144454546,127.01814001580148,0.9482531830182814,171.5634711543538,1,서초동,서초구 서초동 1686-10,0
37.50613480313704,127.0277745,5.468370945058148,197.5266453860748,1,논현동,강남구 논현동 279-194,0
37.50359556547195,126.8560812,2.3533738371915356,69.62352301322046,1,고척동,구로구 고척동 308-1,0
37.56934897126905,127.08743818454452,10.401149866815372,271.4709542293037,1,중곡동,광진구 중곡동 316-1,0
37.50171716,127.0268672,5.848471157425623,318.15833266811507,1,역삼동,강남구 역삼동 619-31,0
37.53783281955265,126.84479039416853,1.5252496074603168,151.8629240695015,1,화곡동,강서구 화곡동 산 164-3,0
37.489981174175696,126.8517384917035,8.432937276255148,104.33336986386868,1,개봉동,구로구 개봉동 375-13,0
37.50533389677415,126.8538256,0.8193669167160181,121.7797216043039,1,고척동,구로구 고척동 산 21-7,0
37.48201902,126.9701326708705,5.164697442415614,159.9051281633098,1,사당동,동작구 사당동 278-31,0
37.53886797985475,126.8257382,6.753198960549701,168.60544296721946,1,신월동,양천구 신월동 260,0
37.48057532,126.9741114,1.264805499899606,73.63092589867348,1,사당동,동작구 사당동 316-42,0
37.61350790445685,127.03881516617348,4.887016230406236,182.2378776543243,1,장위동,성북구 장위동 231-170,0
37.55333164,126.8667202746575,1.5776993298405573,125.45091954014192,1,염창동,강서구 염창동 284-21,0
37.504137500600905,127.0287044719375,4.671067323221697,275.8267712429327,1,역삼동,강남구 역삼동 800-20,0
37.54980799711445,127.0276971,5.291171111840717,148.15334746860873,1,금호동1가,성동구 금호동1가 1453,0
37.50972405852945,126.9447099,9.490805262,104.75227002352496,1,노량진동,동작구 노량진동 221-138,0
37.49761096,126.9365964,8.247076536560938,210.28805965736385,1,상도동,동작구 상도동 259-4,0
37.47417472,126.9383271152205,7.466038772278025,192.5189587189471,1,신림동,관악구 신림동 산 149-52,0
37.549601353864745,126.9479951,5.118599800233949,71.53344504746585,1,염리동,마포구 염리동 45-87,0
37.53438203569255,127.0762925647325,1.0856253618858878,206.94904579739833,1,자양동,광진구 자양동 712-1,0
37.52339947142505,127.0540614,3.528110809870899,279.63181134803267,1,청담동,강남구 청담동 77-23,0
37.60555984,127.0900859707295,5.029815080789047,206.95353053290256,1,상봉동,중랑구 상봉동 13-1,0
37.54397751,126.9332337,0.2961814931263724,152.3981328251666,1,현석동,마포구 현석동 221,0
37.62087487,127.0620492,6.6721007655027025,130.7791693568062,1,월계동,노원구 월계동 428-3,0
37.51558328425355,127.0294204,1.7738656423197257,246.2717744735441,1,논현동,강남구 논현동 279-77,0
37.549857497174855,127.1105819,6.173681925,185.86561978329144,1,광장동,광진구 광장동 556,0
37.549768778662354,127.0314167465505,8.293477709356798,136.18222273007854,1,응봉동,성동구 응봉동 205-31,0
37.552536742098795,126.9362814,4.632078897661068,258.8465972174515,1,노고산동,마포구 노고산동 117-31,0
37.559940968888554,126.9281395,0.9733948484543852,238.04575306849048,1,창천동,서대문구 창천동 375,0
37.595411573894495,127.0973722724095,1.8466621188007368,159.39969034159537,1,망우동,중랑구 망우동 534-48,0
37.58204359551205,126.9223921,2.7418355795700995,201.54337138708823,1,남가좌동,서대문구 남가좌동 5-26,0
37.50340114364585,127.0347873232585,0.3745497928820449,164.29071935521134,1,역삼동,강남구 역삼동 800-39,0
37.59676277,127.0973926040385,0.3232150937422211,84.33330753045209,1,망우동,중랑구 망우동 534-49,0
37.53582798,126.9519949,1.9042046962908752,143.26889882126713,1,산천동,용산구 산천동 201,0
37.60207595,127.0889049337215,3.086629734768384,143.94025019706382,1,상봉동,중랑구 상봉동 237-12,0
37.59077512827865,126.934026,5.577177322768887,154.39492178947802,1,홍은동,서대문구 홍은동 466-2,0
37.51959349,127.0262621,1.668615470808123,232.5495527925507,1,신사동,강남구 신사동 563-36,0
37.487548453359054,126.9414484712905,5.6116541937231155,151.70199369246842,1,봉천동,관악구 봉천동 635-383,0
37.52618783,126.9965161305455,0.2731527128533315,299.64154950221064,1,동빙고동,용산구 동빙고동 1-2,0
37.55997685,127.0187343805265,0.8895427996148317,146.99557170376266,1,신당동,중구 신당동 852-2,0
37.56427209,127.024152,6.967619521335446,72.80052117493925,1,신당동,중구 신당동 170-34,0
37.54928932,127.01196592188752,5.234180696,151.91804282377694,1,신당동,중구 신당동 844-8,0
37.558516051986246,126.94200374722352,1.222175850045653,295.0440067,1,대현동,서대문구 대현동 110-67,0
37.55684514,127.0199862,0.7450883,150.31062781666515,1,금호동1가,성동구 금호동1가 1813,0
37.51009194750835,126.9591275783405,11.008171549021723,115.67218968632824,1,흑석동,동작구 흑석동 341-11,0
37.540659327679606,127.0128538410465,7.206273605405873,0,1,옥수동,성동구 옥수동 204-7,0
37.58772509634165,127.0900872,0.1277434631391238,178.12017836837674,1,면목동,중랑구 면목동 1175-1,0
37.55912218,127.0926932400485,12.520780781391228,151.75466676238383,1,중곡동,광진구 중곡동 438-2,0
37.58741780228115,126.9324284,12.12066774484856,302.43207515103575,1,홍은동,서대문구 홍은동 265-44,0
37.473801686325345,126.9748274734355,4.8952036723674475,191.03358098016457,1,남현동,관악구 남현동 1120,0
37.56814967,127.0852767874535,0.8888981041793206,117.91630176484507,1,중곡동,광진구 중곡동 265-1,0
37.48477490542995,126.9462402,6.588378920178711,65.15985704,1,봉천동,관악구 봉천동 975-11,0
37.55629302,127.0948242641615,7.430340365652378,246.1333806200284,1,중곡동,광진구 중곡동 104-62,0
37.57836050494885,127.0926266812905,9.927323216321865,282.3969254447406,1,면목동,중랑구 면목동 527-269,0
37.53624473,126.95355199298852,4.117316836062974,147.57714346819978,1,산천동,용산구 산천동 207,0
37.53417763941965,126.9999851694595,5.669401306891827,166.92153018405787,1,한남동,용산구 한남동 732-240,0
37.68846962,127.0424161547935,1.4854259428239798,346.70737928856977,1,도봉동,도봉구 도봉동 282-16,0
37.55787997,126.9841126584995,7.5781964180579235,163.41539003389062,1,남산동1가,중구 남산동1가 15-2,0
37.602581493321395,127.1130685,3.0748219341174945,450.1784406127284,1,망우동,중랑구 망우동 산 47,0
37.59836073,127.05532547089352,4.509134146,235.15544513217196,1,이문동,동대문구 이문동 264-204,0
37.55342824596395,127.0131834,9.776991935,239.1329282375923,1,신당동,중구 신당동 349-202,0
37.64898288126445,127.01977,0.5198515802864955,209.0786679596697,1,쌍문동,도봉구 쌍문동 414-294,0
37.53704121,126.8694878,0.1099395349601277,135.9061387330949,1,목동,양천구 목동 847,0
37.64311005233295,127.0392024,1.4103581834510637,45.22725606,1,창동,도봉구 창동 596-22,0
37.62271753,127.0319227,10.689512230533094,167.55537321398958,1,미아동,강북구 미아동 258-445,0
37.649615245598895,127.030333,0.6255394374177718,182.9327730906194,1,쌍문동,도봉구 쌍문동 128-8,0
37.49412665,126.9368653,16.77962804971295,227.5385866150712,1,상도동,동작구 상도동 283-60,0
37.53855608268215,126.8697516084885,2.267934017741194,99.55103771187314,1,목동,양천구 목동 837,0
37.54926077,127.0882150102585,1.031811357044398,164.0010776848534,1,구의동,광진구 구의동 77-50,0
37.469260668882555,126.9682172,4.241862256218271,233.65909408839295,1,봉천동,관악구 봉천동 180-260,0
37.50160691290765,126.947801,10.827807677707204,181.0153480415328,1,상도동,동작구 상도동 159-11,0
37.47689921,126.9326549012855,11.046229040726663,116.27651193515104,1,신림동,관악구 신림동 409-2,0
37.61669591,127.0086218724145,3.307969766370479,135.7052675,1,정릉동,성북구 정릉동 239-23,0
37.64670046,127.03991448954052,0.3652259321222187,202.76344134197956,1,창동,도봉구 창동 산 107-223,0
37.58886643804545,127.05712951413348,0.089989145,217.4501077891166,1,휘경동,동대문구 휘경동 319-53,0
37.50495475,126.95289,1.900649393808659,168.67283985899851,1,상도1동,동작구 상도1동 495-1,0
37.57328329194735,127.0609362513845,3.344165772,162.88113075724695,1,답십리동,동대문구 답십리동 75-52,0
37.584188784179545,127.0316532807495,0.940787236,134.35205117790795,1,제기동,동대문구 제기동 147-1,0
37.474932350435395,126.9419227860205,10.936421423553096,209.17984522715273,1,신림동,관악구 신림동 98-51,0
37.473943998282095,126.9650553,4.366576826031076,73.19910487,1,봉천동,관악구 봉천동 196-44,0
37.55631371,126.9774406,5.474918832542787,221.1039770976088,1,남창동,중구 남창동 205-47,0
37.56331218906895,127.0099443,1.0205018032937143,275.07629568041546,1,광희동2가,중구 광희동2가 105-7,0
37.54223883820885,127.0834953132825,1.6644289260988077,136.89740697060074,1,구의동,광진구 구의동 251-41,0
37.55375742,127.0971154,0.7591915814063547,188.62699864744528,1,구의동,광진구 구의동 662-1,0
37.5782385,127.0636341,1.0821960810964728,177.6565260763983,1,전농동,동대문구 전농동 3-122,0
37.56217061,127.0225056,3.1807092963511567,146.16666203784706,1,신당동,중구 신당동 80-714,0
37.49587846,126.9298999405355,1.756967087184991,143.16958756604294,1,상도동,동작구 상도동 299-189,0
37.54588904067545,127.1046116,0.5024217322422373,220.1274323949127,1,광장동,광진구 광장동 245-1,0
37.524563655452695,126.8564414,0.1694334900550652,84.50860331770728,1,신정동,양천구 신정동 949-4,0
37.51146381770795,126.94293060755852,1.4411548675026216,165.81413276204597,1,노량진동,동작구 노량진동 84-27,0
37.56160983,127.0205639,4.3978486764589055,152.04479743311995,1,신당동,중구 신당동 61-9,0
37.55394622,127.005276,3.845370243342558,159.33691719991435,1,신당동,중구 신당동 432-1831,0
37.51740654,127.0364324,0.1712550470129096,176.5425392761363,1,논현동,강남구 언주로136길 11,1
37.51434118,127.044126,1.0004026374552235,229.51708223922088,1,삼성동,강남구 선릉로126길 22,1
37.511497883557496,127.0389909,1.3544374802064787,204.48673974468488,1,논현동,강남구 언주로116길 27 (논현동),1
37.51531036,127.0452821,0.9984542222183692,216.5415126572158,1,삼성동,강남구 선릉로126길 22,1
37.54845675624445,126.9475566,3.6043609553082177,137.4919555628251,1,염리동,마포구 백범로25길 34,1
37.50657382,127.0285142,6.763959088328066,171.87054317366542,1,논현동,"강남구 봉은사로11길 11 (논현동, 프라임아파트)",1
37.528369014841104,127.0463856002965,6.573443543,307.6380021025731,1,청담동,강남구 압구정로71길 28,1
37.51657686,127.03784249931952,5.043527716180388,190.14156119399712,1,논현동,강남구 학동로45길 3,1
37.5002454,127.06268227385952,1.3956340629969235,258.7306866497284,1,대치동,강남구 삼성로64길 28,1
37.52298275,127.04988741994548,6.574666730953562,379.8535917457922,1,청담동,"강남구 도산대로92길 10 (청담동, 청담대우유로카운티)",1
37.507530303348304,127.0203682,1.548521736844732,259.1353442790991,1,반포동,서초구 사평대로53길 77,1
37.48533806,127.0991776,7.066975184376015,300.7566503742133,1,수서동,강남구 광평로 228 (수서동),1
37.502351043772606,127.04659098970048,0.2942233006354606,79.09287229110328,1,역삼동,강남구 테헤란로52길 16,1
37.51859580619385,127.0614616963565,11.52994957571556,231.27895108603389,1,삼성동,강남구 영동대로122길 45,1
37.51582747,127.0381772,7.9641610397617635,257.70999315003866,1,논현동,강남구 언주로130길 35 (논현동),1
37.50138664,127.02909929006547,5.600302220633766,310.66527780744656,1,역삼동,강남구 테헤란로5길 39-4 (역삼동),1
37.54574088951005,126.9249661,1.4186235916046832,233.4980344182441,1,상수동,"마포구 토정로 127-7 (상수동, 예인아트빌)",1
37.50104793,127.0413838,6.174095912671018,202.9306423,1,역삼동,강남구 언주로85길 24 (역삼동),1
37.53557833076075,127.0109241577695,3.741894138945617,140.79524967254798,1,한남동,용산구 독서당로 103,1
37.48810785446945,127.0340369525755,1.047283478003434,171.4010033676144,1,도곡동,강남구 도곡로2길 27,1
37.60539992479125,126.9574469,10.043141322963775,207.81846629525353,1,구기동,종로구 홍지문길 79,1
37.61136560187175,126.9753165979465,7.859327073218745,420.36031967137706,1,평창동,종로구 평창31길 12,1
37.50183913,127.0652005,2.636844134861921,165.0628208198917,1,대치동,강남구 도곡로93길 23,1
37.48681572,127.0348095,1.2842607718116208,164.91777761473668,1,도곡동,강남구 남부순환로355길 33,1
37.61064974,127.0165492,8.805347567270251,182.51247557000323,1,길음동,성북구 길음로 119,1
37.496027636502845,126.9978385782195,4.926557988064424,215.62252793921056,1,반포동,서초구 서래로 7,1
37.57925485,127.0940211686625,7.354511337,282.6543435386991,1,면목동,중랑구 사가정로72길 26,1
37.58331358,126.9871468,1.2265626728625276,250.5898988396152,1,계동,종로구 창덕궁7길 17,1
37.60610449102945,127.0832304639395,3.0077488155778767,282.5346129013641,1,중화동,"중랑구 동일로140길 99 (중화동, 힐 하우스)",1
37.5812727,127.09291111808552,4.4631997344094625,114.35370347544396,1,면목동,중랑구 용마산로 329-8,1
37.60115522,127.1073325,2.628547515963847,73.41576115437056,1,망우동,중랑구 용마산로118길 123,1
37.5865134,127.0958016,1.1362409654271068,138.36920097918485,1,면목동,중랑구 용마산로86길 7,1
37.58969219,127.0056918881395,8.093051642306026,122.98534632364786,1,동소문동1가,성북구 성북로4길 13-8,1
37.618351788142945,127.0045738060745,11.241212799906288,242.6904852701206,1,정릉동,"성북구 보국문로30길 39 (정릉동, 성진빌라)",1
37.54137067,127.1496354868865,0.5728159886109597,134.23453275483888,1,길동,강동구 명일로24길 33 (길동),1
37.61196791985395,127.037766,8.347489209132426,162.96376778882563,1,하월곡동,성북구 오패산로 90,1
37.51629412,127.0249844984425,3.648417450295452,384.7110865922771,1,논현동,강남구 논현로145길 52,1
37.61309982,127.0394475,6.896154896381217,190.11111917134215,1,장위동,성북구 장위로10길 10-7,1
37.55399208,127.0051756000475,4.735247726,159.33691719991435,1,신당동,중구 동호로17다길 2-9,1
37.55619437,126.993363,6.300023333,362.7265789491856,1,예장동,중구 필동로8길 61-4,1
37.556972036556544,126.9656881,7.209965578623894,109.38460896849008,1,만리동1가,"중구 만리재로37길 49 (만리동1가, SY파크힐)",1
37.51867532,127.0639164,8.416071676786899,304.67506000215343,1,삼성동,강남구 봉은사로109길 66-8,1
37.50822479,127.0206904,1.7044224829588583,195.0769803548335,1,반포동,서초구 사평대로55길 97-6 (반포동),1
37.47868566,127.0051790530105,0.027859954,283.19726516119465,1,방배동,서초구 명달로 5-121,1
37.47985125988061,126.9918184131505,3.856528571,192.51509927367292,1,방배동,서초구 효령로 69,1
37.49443499441755,127.02112368006352,1.3321739534993136,240.3939202,1,서초동,서초구 서초대로64길 31,1
37.494019060992755,127.0212861,1.1461955162646522,216.3806435833495,1,서초동,서초구 서초대로64길 31,1
37.485114381757654,126.9969519,8.639143254244303,117.9333858075004,1,방배동,서초구 방배로18길 24-10,1
37.60865794236645,127.0370850633305,6.606206250802419,168.7967841377461,1,하월곡동,성북구 오패산로 90,1
37.60052798757821,126.9570397551905,9.461556530256177,192.45245658857533,1,홍지동,종로구 홍지문길 16 (홍지동),1
37.647887474951546,127.0305080666695,1.0314257133450222,94.58585962461196,1,쌍문동,도봉구 도봉로109길 37-1 (쌍문동),1
37.59092776723375,126.9926982,7.855389750784038,297.9659407,1,명륜3가,종로구 명륜길 99-2 (명륜3가),1
37.61271501366945,127.0183606596525,4.902166666935132,172.4858046443468,1,길음동,성북구 길음로 118,1
37.59517409147915,127.0107081899275,9.698275414047046,223.8218326389785,1,돈암동,성북구 성북로4길 52,1
37.64850631,127.0222641309995,2.4576557556819156,170.26475928233594,1,쌍문동,도봉구 우이천로 367,1
37.62730874235935,127.0162133496825,2.2770045567513897,87.98374037950991,1,미아동,강북구 삼양로63가길 7-9,1
37.64826921,127.0330563,0.452755506,157.26066514816742,1,쌍문동,도봉구 도봉로113길 20 (쌍문동),1
37.64904173788685,127.0277159983645,3.3648449233570727,193.71917623828432,1,쌍문동,도봉구 노해로44길 3 (쌍문동),1
37.65515806021685,127.0188043,11.555437296790862,256.40437341689164,1,쌍문동,도봉구 우이천로48길 64,1
37.651730991940894,127.0377791,0.4880228111987171,99.01539252,1,창동,"도봉구 노해로61길 4 (창동, 리솜하우스)",1
37.66156057713865,127.0803287,2.6636880782902894,163.24371853909423,1,중계동,노원구 덕릉로82길 64,1
37.59069564,127.04632505625948,6.450782185470594,189.97872092222931,1,청량리동,동대문구 회기로 90,1
37.59605739,127.0211155234725,2.8822269021164133,153.40792087328427,1,동선동3가,"성북구 동소문로26라길 42-1 (동선동3가, 테라팰리스)",1
37.66693915627995,127.0692548,3.676671945085464,133.87608434436376,1,상계동,노원구 한글비석로46나길 6,1
37.55579886,126.9941224739415,2.6056779112048565,356.52086840807885,1,예장동,중구 필동로8길 46,1
37.555120413922054,127.0081820022295,3.851632745979564,138.9910535799838,1,신당동,중구 동호로15길 126-11 (신당동),1
37.55279341095425,127.0048314,16.404828197225655,198.0427963599455,1,신당동,중구 동호로11나길 76 (신당동),1
37.55303523345139,127.0049612,17.39965034881361,187.06000223609212,1,신당동,중구 동호로17길 131-10 (신당동),1
37.54953735,127.0091121644885,3.2920794307592893,120.7964986265728,1,신당동,중구 다산로 32,1
37.559031379084345,127.0013248,5.910260941532081,223.4966425312616,1,장충동2가,중구 동호로25길 29,1
37.55862366,127.00235172920448,10.64342753462719,319.47012513835483,1,장충동2가,중구 동호로25가길 7,1
37.55294392,126.9630678,7.825399721471526,85.71015973542076,1,만리동2가,중구 만리재로21길 9,1
37.55166810837015,127.004861,13.68683824289299,277.56610733476526,1,신당동,중구 동호로11라길 39,1
37.61700238,127.0055753782195,12.151491936676097,191.21438298570777,1,정릉동,"성북구 보국문로28길 20 (정릉동, 나라키움 정릉동 주택)",1
37.5583506,126.9639847,7.463423409985551,142.32723298769582,1,중림동,중구 중림로2길 13-10,1
37.598656406356795,127.0827882,0.1335972403366134,124.91584336108431,1,중화동,중랑구 동일로124길 48,1
37.58096215008025,127.0874552,0.2303319844527349,162.8646050464861,1,면목동,중랑구 사가정로 385,1
37.650257638137205,127.0270304273415,1.3563927107807812,80.08091460673452,1,쌍문동,도봉구 노해로41가길 17 (쌍문동),1
37.57987408181945,127.016533,6.751263837332579,223.9319844115556,1,숭인동,종로구 동망산길 65,1
37.60277373102125,126.9568596006075,7.143736119138223,208.1049736108214,1,홍지동,종로구 홍지문2길 20,1
37.606462765554355,126.9637807299295,8.851412895640365,261.61094257560364,1,평창동,종로구 평창3길 3 (평창동),1
37.60850468,126.9621876481205,15.333527153634677,346.146765,1,평창동,종로구 평창4길 3,1
37.54707335,126.9635736,5.590825215202967,109.16943282439088,1,청파동2가,용산구 효창원로 228,1
37.52868206105535,127.0049037,9.438879850826376,370.57361642958847,1,한남동,용산구 장문로49길 16 (한남동),1
37.54256797007285,126.9842524,6.290657651886152,229.9518743,1,용산동2가,용산구 신흥로3가길 66,1
37.57458506,126.8951399,6.591404139905194,237.75627301481592,1,상암동,"마포구 월드컵북로45길 13-7 (상암동, 유진빌)",1
37.54381596889495,126.9903405154055,7.897959003062933,469.22329653779144,1,이태원동,용산구 소월로38길 30-32,1
37.5375826,127.0118804811605,5.6197067114019985,173.48626742184177,1,한남동,용산구 독서당로 129,1
37.54692826,126.9669897,8.948565793027436,197.25182037186113,1,청파동2가,용산구 효창원로86라길 8 (청파동2가),1
37.55086109,127.0302446349625,8.900685975294598,199.71725477129033,1,응봉동,성동구 독서당로 377,1
37.58567282,126.9269338,12.839227435406494,176.66579085097413,1,홍은동,서대문구 가좌로2길 60,1
37.58652049,126.9332771,16.411929497828112,344.48316641850204,1,홍은동,서대문구 연희로39길 41-13,1
37.5538716,126.930046,7.553984804055477,245.9832806539877,1,창전동,마포구 서강로9길 45,1
37.55406740406295,126.93884309397752,8.757373490432926,196.46975706725416,1,노고산동,마포구 신촌로20길 31,1
37.55513625118415,126.9427817140485,10.47206533539996,118.79681341211032,1,대흥동,마포구 고산길 105,1
37.54973592619075,126.9477092,6.1959072501644235,100.68460604262764,1,염리동,마포구 백범로25길 83,1
37.53721138,126.9445879,2.202657930748493,246.0964540161909,1,마포동,마포구 마포대로 8-1 (마포동),1
37.55211631102595,126.9617963537815,2.5425296660984147,141.85461823088303,1,아현동,마포구 마포대로24길 42 (아현동),1
37.51103127,127.0308593447875,5.123811677371268,168.61204677044145,1,논현동,강남구 논현로121길 12 (논현동),1
37.52066319507525,127.0451995,2.9574579876303577,204.54638329017556,1,청담동,강남구 도산대로70길 43,1
37.55088123780785,127.0054801,12.952388627505211,296.49851292196723,1,신당동,중구 동호로11자길 23,1
37.60955180368855,126.97127396786748,9.704954260255702,375.5918894978587,1,평창동,종로구 평창21길 7 (평창동),1
37.57166423945475,127.0854405167755,8.858753313,118.14492111764476,1,면목동,중랑구 면목로22길 32-4 (면목동),1
37.54700572,127.0232894134715,6.117936116179507,119.26103980825756,1,금호동4가,성동구 금호로 17,1
37.587347700367005,127.1009610820735,7.941594476658017,99.54552262660928,1,면목동,"중랑구 용마산로94길 82-12 (면목동, 도시공간)",1
37.561829313352206,127.08900094262752,10.736155280805256,84.69455433092897,1,중곡동,광진구 용마산로8가길 48-7,1
37.552968587230254,127.0308789,10.509925001643868,211.5794802052355,1,응봉동,성동구 독서당로59다길 16-2 (응봉동),1
37.55555634806215,127.0069851263745,10.338947099687449,164.31929279568652,1,신당동,중구 동호로17길 57-16,1
37.545859146008354,127.0176132,1.6045808999876443,100.07363981043876,1,금호동4가,성동구 독서당로 251-24,1
37.55047924,127.01963093407552,7.870650124098745,135.71259385585117,1,금호동3가,성동구 금호산길 22-10,1
37.554176156583594,127.0069476509315,5.563974145806482,96.79135592809504,1,신당동,중구 동호로15길 97-12,1
37.550319117299054,127.0061759001275,9.548146008,251.02285790044863,1,신당동,중구 동호로11바길 27 (신당동),1
37.55587208,127.00739495916348,7.4986025381938495,164.31929279568652,1,신당동,중구 동호로17가길 12,1
37.54965952669125,127.0079304625275,17.677447691223282,228.1083552451119,1,신당동,중구 다산로4길 7,1
37.56482255719115,127.0229797,1.8496007766921776,109.33170383174556,1,신당동,중구 다산로44길 107,1
37.546903029543245,127.0705256,0.4769931483492579,284.3342314348276,1,화양동,광진구 군자로 42 (화양동),1
37.54611222132135,126.9852184604605,2.826497043538529,165.29738722966582,1,용산동2가,용산구 소월로20길 10,1
37.55087091194165,126.9639625,7.355880378050007,150.15777742455165,1,서계동,용산구 효창원로104길 3,1
37.54192496,126.9627307695275,5.367792674240363,128.79480051396695,1,효창동,용산구 효창원로72길 6,1
37.53746058,126.9897087863705,12.403928103468136,214.81011809973893,1,이태원동,용산구 녹사평대로46가길 27-40,1
37.55124785937975,127.0195007,8.089923628207924,135.71259385585117,1,금호동3가,성동구 금호산길 34-1,1
37.55771754,127.0240534,3.424052688,154.8511374270938,1,금호동1가,성동구 난계로 61-13,1
37.55221649944415,127.0221712798485,1.0786022202690446,121.36289320031604,1,금호동2가,성동구 무수막18길 20-24 (금호동2가),1
37.54722547391065,127.02306853435452,5.384122983432661,117.6680611930524,1,금호동4가,성동구 독서당로46길 34,1
37.55648000657385,127.017992,3.364894943883054,143.16748094393347,1,금호동2가,"성동구 금호로 173 (금호동2가, 신금호파크자이)",1
37.54598350308615,127.0177961280055,2.451595749613354,91.91344492,1,금호동4가,성동구 독서당로 251 (금호동4가),1
37.54990693296135,127.0316343,7.221877333,146.55005211949202,1,응봉동,성동구 독서당로62길 43,1
37.54074137795335,126.9964083569165,6.256560296921926,418.39271758763135,1,이태원동,용산구 회나무로44길 2 (이태원동),1
37.54078345,127.0123231256145,5.883975081159109,52.659984273871146,1,옥수동,성동구 한림말길 10-20 (옥수동),1
37.549542918902645,127.0929065,15.071674281075127,117.73967894891386,1,구의동,광진구 천호대로137길 9,1
37.55386462234735,127.0790153392065,1.0376219652323386,270.53229539826236,1,능동,광진구 능동로30길 19,1
37.56145775,127.0440246224815,1.1860719493976837,56.50436565403163,1,사근동,성동구 마조로 42,1
37.55845817,127.0291931652705,2.325086116171585,173.59601837384176,1,행당동,성동구 행당로 79,1
37.56296541716195,127.0268551740455,11.648818916856143,119.32785712147566,1,하왕십리동,성동구 왕십리로31길 20,1
37.546795492412855,127.0110345,8.261112217403037,138.07059794677005,1,옥수동,"성동구 매봉길 50 (옥수동, 이편한세상옥수파크힐스)",1
37.54313461240575,127.0157191707565,5.962371956240367,184.8169530927291,1,옥수동,성동구 한림말3길 24,1
37.54187180124965,127.0154963379545,1.5636956214572508,188.9874270283391,1,옥수동,성동구 한림말길 43,1
37.55648000657385,127.017992,3.364894943883054,143.16748094393347,1,금호동2가,"성동구 금호로 173 (금호동2가, 신금호파크자이)",1
37.55100953038155,127.0214074,0.6018018636007926,89.83913115,1,금호동3가,성동구 금호산8길 14,1
37.55269066,127.0289737,9.886569535,205.7530512263952,1,금호동1가,성동구 독서당로57가길 24 (금호동1가),1
37.54673764998175,127.0154816,3.0702271692000647,137.22137654173622,1,금호동4가,성동구 매봉길 24,1
37.550026879505594,127.1090879755815,2.0232365375308774,149.85342727871677,1,광장동,광진구 아차산로78길 10,1
37.56741213,127.0891459,10.197796384587932,242.42700053323415,1,중곡동,광진구 용마산로28길 51,1
37.56348653126745,127.08783597264848,7.969262222131024,143.27439333797298,1,중곡동,광진구 용마산로22길 12 (중곡동),1
37.55427821652225,127.0955398963215,7.338556244874387,201.6055268,1,구의동,광진구 영화사로16길 12-3 (구의동),1
37.555631364795005,127.0942128031525,7.914002240169151,263.81322959392253,1,중곡동,광진구 영화사로9가길 6-14,1
37.55541595784625,127.0944676,8.188607414908722,275.5602678336596,1,구의동,"광진구 영화사로11길 22 (구의동, 상평그린빌)",1
37.553531132256694,127.0952918370715,13.525123850644082,182.2080801782246,1,구의동,광진구 영화사로16가길 24,1
37.570717843083955,127.087272,10.753974802127637,271.02248753558797,1,중곡동,광진구 용마산로36길 18,1
37.56197147736315,127.0861032830015,2.3847618838328875,85.70636842053774,1,중곡동,"광진구 능동로48길 65 (중곡동, 다우하우스)",1
37.55003628463985,127.0956949528745,5.920823350048385,121.01359563755022,1,구의동,광진구 자양로44길 81,1
37.53335181853135,127.0772135,0.079489263,111.3292646728442,1,자양동,광진구 자양로13다길 51 (자양동),1
37.53227455,127.0840530066055,0.4960027993419071,108.18654431742108,1,자양동,광진구 뚝섬로59길 5,1
37.56993399532735,127.0873683486275,9.454662821570643,300.1233094115096,1,중곡동,광진구 용마산로32길 17-12,1
37.55359822,127.0204601,5.327313390063389,108.13460453925248,1,금호동2가,성동구 무수막길 86,1
37.55391555609245,127.03247699520053,10.046398639955108,182.80293752218336,1,행당동,성동구 독서당로 441,1
37.56296541716195,127.0268551740455,11.648818916856143,119.32785712147566,1,하왕십리동,성동구 왕십리로31길 20,1
37.59427746,127.0018948273605,9.946804760241688,155.1809068862446,1,성북동,성북구 성북로14가길 9 (성북동),1
37.606398950268456,127.0011494,5.266272190279748,179.02933742832457,1,정릉동,성북구 정릉로12길 44-5,1
37.61923374515475,127.0023097,5.367581012802303,387.1542768869748,1,정릉동,성북구 보국문로32길 53,1
37.59341971877795,127.02145577129347,13.880914830268178,213.2100258935361,1,동선동3가,성북구 동소문로26마길 2-1 (동선동3가),1
37.60895826596495,127.0465621562485,5.499411203,114.6425238663306,1,장위동,성북구 장월로5길 19,1
37.60473867864505,127.0209828,5.210819152598911,88.57261472723118,1,길음동,성북구 길음로9길 40,1
37.60127253963195,127.0248694640425,13.634989354150347,186.1511228387248,1,돈암동,"성북구 정릉로44길 13-14 (돈암동, 서라벌맨션)",1
37.606201976780255,126.9979135,9.321516824171828,427.5393714169612,1,정릉동,성북구 정릉로10다길 25,1
37.61147746974175,126.9990879868285,8.618132711765437,246.36431093284176,1,정릉동,성북구 정릉로 77,1
37.61491496045165,127.0109274863905,10.578184100276957,85.36640575718532,1,정릉동,성북구 솔샘로24길 15,1
37.59979712,127.0321325548635,2.5965256496068942,48.73172044818186,1,종암동,성북구 종암로25길 17,1
37.56961274205355,127.0615038,2.1183875331810373,111.86360683968128,1,답십리동,동대문구 한천로11길 10-1,1
37.5795459,127.06319328595252,9.368624972162548,86.81159242,1,전농동,동대문구 사가정로 191-1 (전농동),1
37.59895361795735,127.0543784927535,4.390835311821135,339.3547483614483,1,이문동,동대문구 천장산로9길 60,1
37.59248996,127.1012928,2.9784891605683192,152.3105770431422,1,망우동,중랑구 용마공원로10가길 11,1
37.582613028355354,127.0888108,1.0618388363255271,224.8772322615573,1,면목동,중랑구 면목로 344,1
37.572022045815146,127.0849734,6.131382170066187,93.14695920117356,1,면목동,"중랑구 답십리로85길 18 (면목동, 삼우빌라)",1
37.575755730700095,127.0871851,8.05357722,192.42259420839147,1,면목동,중랑구 면목로30길 25-5,1
37.57165215800485,127.08723627361452,11.999510930332027,146.5813544196034,1,면목동,중랑구 용마산로40길 20,1
37.57447703147885,127.0877446,6.635672463579944,143.8655987494078,1,면목동,중랑구 용마산로45길 60 (면목동),1
37.591966369257904,127.0972001482495,1.609608485742756,111.42260121748328,1,망우동,중랑구 용마산로99길 13,1
37.59276383018185,127.0973178,0.6333045971822316,134.64225545734593,1,망우동,중랑구 봉우재로64길 49,1
37.59297233874375,127.0956411,1.416759690358523,117.05208361895993,1,망우동,중랑구 봉우재로58길 38,1
37.60567811,126.99873517516347,6.329489769432777,287.0911157589275,1,정릉동,성북구 정릉로10길 89 (정릉동),1
37.59602598919995,127.01455808745352,4.2223863620080495,91.37173852703368,1,동소문동7가,성북구 동소문로15길 110 (동소문동7가),1
37.58441779613485,127.0177611,2.967818405024469,137.51799933229722,1,보문동3가,성북구 지봉로20길 8,1
37.56084989119075,127.02576191688748,7.069166605407872,126.62790733498376,1,하왕십리동,성동구 난계로 114-31,1
37.54299979,127.0159831311685,4.9344488052594055,192.28988221211583,1,옥수동,성동구 한림말1길 17-14 (옥수동),1
37.54060812294945,127.0103745,11.877009693441057,155.79670582429335,1,옥수동,성동구 독서당로39길 38,1
37.546795492412855,127.0110345,8.261112217403037,138.07059794677005,1,옥수동,"성동구 매봉길 50 (옥수동, 이편한세상옥수파크힐스)",1
37.557610618663205,127.0238943598915,3.6855713320658854,154.8511374270938,1,금호동1가,성동구 행당로1길 13,1
37.58617335133145,127.0671778,1.3302394048766426,226.7936995485669,1,휘경동,동대문구 한천로49길 32,1
37.56973844,127.0527327,0.2439154183637609,165.7046136946904,1,답십리동,동대문구 사가정로2길 56,1
37.58030052,127.0547466,0.5025958386126698,149.8556862947873,1,전농동,동대문구 전농로23길 17,1
37.59957664,127.0036536966715,12.237079086090436,409.97296650120813,1,정릉동,성북구 북악산로1다길 44,1
37.603828639358696,126.99797594228848,9.012372855886642,564.2902588647341,1,정릉동,성북구 정릉로 57-99 (정릉동),1
37.60065076,127.0109639003845,1.9113512194493731,175.90557701517508,1,정릉동,성북구 아리랑로5길 151-14 (정릉동),1
37.59585189448135,127.0127452854455,9.967547660731572,116.47428996729408,1,돈암동,성북구 성북로4길 52,1
37.60683506740505,127.0016682492855,5.793486807536978,167.58160815485948,1,정릉동,성북구 정릉로12길 41,1
37.59973262748195,127.0145086,4.380648929668787,126.81176154865132,1,돈암동,성북구 아리랑로12길 15,1
37.60215862326755,127.0302401255945,0.5449542733146483,147.42415304477052,1,종암동,"성북구 종암로21길 127 (종암동, 아이파크 종암동)",1
37.59032026957275,127.0080632,7.6568420501483745,168.8969861115376,1,동소문동1가,성북구 동소문로 21-18 (동소문동1가),1
37.61145744844115,127.0147626,7.136748612138217,171.32170692753553,1,정릉동,성북구 길음로15가길 25,1
37.601247960600006,127.0148541,6.381826273678355,153.82915183850815,1,정릉동,성북구 북악산로 813,1
37.5811579,127.0175667525405,2.292008792784833,225.37919116618792,1,보문동6가,성북구 보문사길 112,1
37.58074586,127.0180208377345,1.955919203215139,155.11938629358673,1,보문동6가,성북구 보문사길 111,1
37.60329158,127.02061356384952,4.302639786481595,157.2431958362453,1,길음동,성북구 길음로9길 50,1
37.6006212,127.0194145109865,2.326204773623841,181.5721302679682,1,정릉동,성북구 정릉로40길 33 (정릉동),1
37.61006132401975,127.0100148,5.583198880305091,156.9770005608491,1,정릉동,성북구 보국문로14길 5-3,1
37.576602542627896,127.0875957015835,7.557117780463749,189.50687920549657,1,면목동,중랑구 면목로30나길 19 (면목동),1
37.58693214,127.05019992987953,3.2660063456346404,98.66335993,1,청량리동,동대문구 제기로33길 29,1
37.48763978,126.9756002424465,4.264280853577597,144.16729472107588,1,사당동,동작구 사당로23나길 30 (사당동),1
37.51593572961505,127.0225832505975,5.518334154711482,398.63973433388776,1,논현동,강남구 도산대로8길 17-3,1
37.53637484204515,126.852145,5.169566292632947,228.21336569954937,1,화곡동,강서구 곰달래로35길 135,1
37.53216004,126.8502802980925,1.3626639447115363,108.69064773826976,1,화곡동,"강서구 강서로12길 68 (화곡동, 신성그린빌)",1
37.53602831,126.85116861130852,8.274351247654684,243.74589062248825,1,화곡동,강서구 강서로18아길 21 (화곡동),1
37.541528311708646,126.8509087976135,2.539515586,74.84531261313921,1,화곡동,강서구 초록마을로 75,1
37.53994113371675,126.8458387186985,2.274977776827873,85.00834324119924,1,화곡동,"강서구 까치산로4길 75-21 (화곡동, 황제파크빌)",1
37.48168839261585,126.8906189,0.976499384,104.08007800976934,1,가리봉동,구로구 남부순환로105라길 25-10,1
37.48856948,126.8395307,0.9816008011183552,70.93033522982591,1,오류동,구로구 오류로 41-1 (오류동),1
37.48982335,126.83327327089548,0.9974151896577568,153.37159701015835,1,오류동,구로구 오리로13길 8-4 (오류동),1
37.487601505925255,126.8864039814265,0.3988343979803224,98.94053084,1,구로동,구로구 구로동로18길 34-3,1
37.486561918519655,126.8857379855535,0.091674048,92.95477119577848,1,구로동,구로구 구로동로12길 4-22,1
37.53690151,126.85073516545752,8.748733846128355,241.20139648240456,1,화곡동,강서구 곰달래로35길 163,1
37.46523672209299,126.8948891176455,0.4448889753516614,93.84345470554884,1,독산동,금천구 범안로16길 24-7,1
37.44650256296355,126.9041727985275,0.9116291779986264,132.61581450096764,1,시흥동,금천구 시흥대로38길 61 (시흥동),1
37.51225089,126.8423927755435,0.5767404663197642,116.33780834900575,1,신정동,양천구 신정로13길 35,1
37.63978359767905,127.052876,7.474651856148544,490.6967138,1,월계동,노원구 마들로5길 25,1
37.62024653356285,127.06192836690248,6.875068164330298,136.75866155957846,1,월계동,"노원구 석계로13길 17 (월계동, 해인베스트빌)",1
37.5940738,126.9078776,0.969518907,147.5423142904556,1,신사동,은평구 은평터널로 169,1
37.59327005,126.922517,5.568001550838881,220.3207059794874,1,응암동,은평구 응암로22길 39,1
37.61121966,126.9378044655645,4.476451549235407,119.02428685386708,1,불광동,은평구 진흥로 265,1
37.58964753607875,126.9211881,4.815246360281085,144.52696786145196,1,응암동,은평구 백련산로 37,1
37.604281485383495,126.9355906557645,10.842701306201327,171.4642612057734,1,녹번동,은평구 통일로 630,1
37.60242593,126.9361442,4.826121579145648,171.4642612057734,1,녹번동,"은평구 통일로 610 (녹번동, 힐스테이트녹번)",1
37.487120633284704,126.9679431835605,7.148886087138562,129.98811987554117,1,사당동,"동작구 사당로 165 (사당동, 대아아파트)",1
37.59505731134765,126.9335365,11.336667346830822,260.96246059259363,1,홍은동,서대문구 연희로41라길 13,1
37.452690149915895,126.9174437671565,13.924262673460484,160.5851658436194,1,시흥동,금천구 탑골로 84,1
37.53551594,126.8544473,13.090394326516009,141.86018290782516,1,화곡동,강서구 등촌로13아길 90,1
37.516934844369445,127.0443859,2.526653432948647,199.3694562,1,삼성동,"강남구 학동로64길 14 (삼성동, 현대아파트 101동)",1
37.504822810372104,127.0520323170235,1.0077743808418396,100.04189282341238,1,대치동,강남구 테헤란로 416 (대치동),1
37.50167766854855,127.0633796,4.363453181086735,197.38290253121627,1,대치동,강남구 도곡로93길 23,1
37.50623646245445,127.0272818603695,7.625868404061218,206.42293781569597,1,논현동,강남구 봉은사로7길 11,1
37.49772227,127.0956114,0.111402028,131.0573058976511,1,삼전동,송파구 삼학사로 11,1
37.55206901,127.1433011,0.2646542536844417,162.67501083128693,1,명일동,강동구 양재대로145길 14 (명일동),1
37.551696525447355,127.1432700268985,0.3485157689245313,139.41301867834466,1,명일동,강동구 양재대로143길 10,1
37.55127537,127.1432195,0.5214365151789907,123.32701710600618,1,명일동,강동구 양재대로141길 14 (명일동),1
37.51093044,126.9009055414475,0.2400874098231915,97.13229134341734,1,도림동,영등포구 도영로 66,1
37.47017039888085,126.906653,0.3124411886086811,188.4501080403197,1,독산동,금천구 독산로78다길 52,1
37.53775494,126.8506737,5.538850433034051,70.92397773674256,1,화곡동,강서구 초록마을로 122,1
37.464116718803055,126.9064109923425,2.916037505139817,147.2293498226607,1,독산동,"금천구 독산로58라길 22 (독산동, 한신빌)",1
37.57983452,126.9510828131115,8.817721535,186.71855274818768,1,홍제동,서대문구 통일로 321,1
37.59202139,126.9496178457355,7.753903232996845,259.15307928260034,1,홍제동,서대문구 문화촌길 6-24,1
37.59330838,126.9332873,11.570171704404604,125.23419696551788,1,홍은동,"서대문구 연희로41가길 91-3 (홍은동, 스위스파인빌)",1
37.54904818208619,126.95062171265248,0.3739497052971488,145.26737367200863,1,공덕동,"마포구 마포대로11길 84 (공덕동, 현대상가)",1
37.54822418,126.9256109,6.327958261008489,205.7524162468817,1,상수동,마포구 독막로 109,1
37.56904252954645,126.9059733834545,0.2290158640206375,150.45545519381776,1,성산동,마포구 월드컵북로 210 (성산동),1
37.535853472603804,126.9499419,0.492199442,121.76133894416871,1,산천동,용산구 새창로8길 157,1
37.53973817437345,126.9542043,0.9607644106929468,114.40179043307973,1,도화동,마포구 새창로 52,1
37.54674950378365,126.9371397,1.9694978104054168,161.12012726234997,1,신수동,마포구 독막로28길 7,1
37.580257926283096,126.8101374830765,4.312989775,204.4116974970675,1,방화동,강서구 금낭화로 222,1
37.5516209,126.8558269,4.703135393006121,215.99846404598543,1,화곡동,강서구 화곡로58길 92,1
37.569506597074195,126.9252776,7.306690290736986,355.53278530990394,1,연희동,서대문구 연희로11마길 63 (연희동),1
37.55866374,126.9461247,10.611348201881269,291.9344832170786,1,대현동,서대문구 이화여대2다길 27 (대현동),1
37.57728174146981,126.906284,0.9135663413081956,112.82143810014172,1,북가좌동,서대문구 수색로8길 72 (북가좌동),1
37.65203583610085,127.0224337,6.230445984392912,248.4622196,1,쌍문동,"도봉구 우이천로38나길 28 (쌍문동, 대우그린빌리지)",1
37.65269330153835,127.03417476651548,5.909314486909449,116.77325023230084,1,쌍문동,도봉구 도봉로121길 44,1
37.65201046792725,127.0304871,0.4734896559477655,146.4303892,1,쌍문동,도봉구 노해로 201-23,1
37.65065567,127.0269275,0.650138427,86.77239940252761,1,쌍문동,도봉구 노해로45길 26,1
37.65290297431535,127.0217816737285,8.782954665,240.08839726777535,1,쌍문동,도봉구 우이천로38나길 50,1
37.65151656908705,127.02439728812148,4.913476745538846,84.80659078121317,1,쌍문동,도봉구 우이천로32길 67,1
37.65152849,127.0257544649635,3.7355203683991194,174.96686718204387,1,쌍문동,도봉구 우이천로32길 88,1
37.65140273,127.02629914532052,4.159334538340484,157.08270322058098,1,쌍문동,도봉구 노해로45길 38-10,1
37.65534826,127.0298974,3.142058833982091,238.51528067472472,1,쌍문동,"도봉구 시루봉로2길 22 (쌍문동, 쌍문6차한양아파트)",1
37.65410172,127.0358247152885,3.0824443760892675,224.11205039998464,1,쌍문동,"도봉구 도봉로127길 31-3 (쌍문동, 효성하이츠빌라)",1
37.65168649,127.0334374499765,7.245961522138181,80.40481528671383,1,쌍문동,"도봉구 노해로57길 10-4 (쌍문동, 대영타운5차)",1
37.53965456032659,126.8729160710725,8.880591775,242.6222797559688,1,목동,양천구 목동중앙본로2길 46-44 (목동),1
37.53389845874245,126.8290890824025,2.523216231751233,73.48445633267897,1,신월동,양천구 남부순환로 380 (신월동),1
37.51563138945405,126.8515585306875,5.127881774688401,153.1652720112457,1,신정동,양천구 중앙로25길 24-1,1
37.50840488750645,126.8500927,3.537470316118278,202.9840148630924,1,고척동,구로구 중앙로15길 162,1
37.53763973149845,126.8265602665785,11.458182443603771,103.79677115020786,1,신월동,양천구 남부순환로 326-1,1
37.54613276,126.8789799,1.1327070466092015,238.79261233549573,1,목동,양천구 목동중앙북로24길 1-16,1
37.51988657099895,126.8483092,1.7840384132147205,135.49662485788753,1,신월동,"양천구 중앙로29길 61 (신월동, 신정뉴타운롯데캐슬)",1
37.47092259643395,126.9065249253995,8.020566073718138,189.3126201840797,1,독산동,금천구 독산로80가길 29,1
37.524772815838304,126.8573296,0.4933696105510677,76.85388344075379,1,신정동,양천구 은행정로13길 16-1,1
37.47092259643395,126.9065249253995,8.020566073718138,189.3126201840797,1,독산동,금천구 독산로80가길 29,1
37.47511847724315,126.90586,2.7788683815194015,218.56455624649635,1,독산동,금천구 독산로54길 288 (독산동),1
37.59077558488565,126.9529612026385,9.649954203966123,487.4893833243344,1,홍제동,서대문구 문화촌길 113-5 (홍제동),1
37.63563574540265,127.04285231028352,12.604507091302974,135.4048018866483,1,창동,도봉구 덕릉로60길 109-60,1
37.65123328068795,127.029785,4.875245065702306,154.3396958706322,1,쌍문동,도봉구 노해로49길 6,1
37.64820461,127.02946973072552,0.1817633181343964,168.82778326059946,1,쌍문동,도봉구 노해로44길 42,1
37.60369044700805,126.9493853,4.966757948683427,172.02623105514402,1,홍은동,서대문구 홍은중앙로 151,1
37.57754469,126.9373586082515,8.803532251,192.5293472,1,연희동,서대문구 연희로36길 32 (연희동),1
37.579014530057606,126.9302208,6.787006323391453,95.97613820383916,1,홍은동,서대문구 명지길 19 (홍은동),1
37.56402399,126.9521759,13.77268297350501,160.82754105906596,1,북아현동,서대문구 북아현로19길 20-7 (북아현동),1
37.58368192,126.9262468,8.138797221176267,136.71944378539916,1,홍은동,"서대문구 가좌로 122-20 (홍은동, 동원빌라)",1
37.55882463,126.9407099914595,2.3728972817999083,322.53616404566696,1,창천동,서대문구 신촌역로 41-6,1
37.538127262948905,126.8704587,1.0104244497405823,159.51481389281685,1,목동,"양천구 목동중앙본로1길 11 (목동, 목4동현대아파트)",1
37.53389659409185,126.8684403,0.5344790383136658,156.67133472842778,1,목동,양천구 목동중앙서로 37,1
37.544471167843554,126.8671528,2.396854380427472,69.51745717919881,1,목동,양천구 목동중앙북로8길 111,1
37.523036759919805,126.8278800215665,6.879731995511072,253.7843704,1,신월동,양천구 지양로 139,1
37.50764549,126.8648549,1.8869763292668291,122.9959601,1,신정동,양천구 목동남로2길 21-4 (신정동),1
37.65051335058055,127.03031378119248,3.2143755988910376,140.0100089151229,1,쌍문동,도봉구 노해로 198-6 (쌍문동),1
37.651462507031894,127.03294293983647,4.484192006592826,113.23206723760173,1,쌍문동,도봉구 노해로 223-5,1
37.640579184349704,127.0410645,1.4960133656476204,69.23046754424271,1,창동,도봉구 덕릉로62길 13,1
37.63474136,127.0430416,8.295048059379026,184.1412645,1,창동,도봉구 덕릉로60길 135-7 (창동),1
37.6232471,127.0147548812235,8.837794708986946,152.51939217709784,1,미아동,강북구 인수봉로12길 35,1
37.62529916004025,127.01569738020252,5.422849220348099,204.74700073014816,1,미아동,강북구 솔매로 30-2 (미아동),1
37.62683863,127.0286678,1.006561706501662,126.52405251843422,1,미아동,강북구 도봉로 131-1 (미아동),1
37.62481764673975,127.0300232028745,0.047516225,145.78992240148028,1,미아동,강북구 도봉로46길 44,1
37.63487284,127.0283422,0.2403471425473329,128.09372631338002,1,번동,강북구 도봉로 316-1 (번동),1
37.61765012,127.03366849946848,4.805893757523165,64.06886723125713,1,미아동,"강북구 오현로9길 25 (미아동, 우성그린맨션)",1
37.61823918,127.0155657,6.1686436370807884,102.96094888750886,1,미아동,강북구 삼양로27길 95,1
37.61633004118405,127.0175991,2.907437396089041,135.87054827609322,1,미아동,강북구 삼양로19길 113,1
37.49819223,127.0493878,1.4271176611245604,170.12365728389648,1,역삼동,강남구 선릉로69길 20,1
37.55145291,127.1101786066175,10.78626200697942,278.8415951387608,1,광장동,광진구 아차산로78길 56,1
37.50020126181185,127.0327566,4.457941781450524,212.34933335007184,1,역삼동,강남구 테헤란로 131,1
37.505043172801294,127.0282248,3.002420944506608,253.49438293942913,1,역삼동,강남구 봉은사로 120 (역삼동),1
37.560363766600005,127.0242553,0.5871528505879899,127.2912162167363,1,하왕십리동,성동구 난계로 100,1
37.58514021091305,127.0229828704615,1.4678725471577954,188.38277538732905,1,안암동3가,"성북구 고려대로14길 28 (안암동3가, 대광빌라)",1
37.59054285513685,126.9933131239945,11.724226647768818,219.44534011353568,1,명륜3가,종로구 명륜길 88,1
37.62352156161925,127.0317981312175,9.463053731986792,237.1546979538338,1,미아동,강북구 오패산로52가길 1,1
37.586457012870255,126.9416021141115,10.42537770195281,228.5911466899328,1,홍제동,서대문구 통일로39다길 23-11,1
37.50865259,126.9458946,14.33610425333347,113.14493226278869,1,노량진동,동작구 만양로11길 8 (노량진동),1
37.49882124,126.9459204943165,10.391737207178716,25.857052691129656,1,상도동,"동작구 양녕로30길 21 (상도동, 아림빌리지)",1
37.50051945,126.9365001934945,0.6038848459844887,78.78005163215389,1,상도동,동작구 성대로21길 57,1
37.4777896,126.9384802,7.068657394692614,212.95063968616023,1,신림동,관악구 쑥고개로1길 8,1
37.46524331,126.9376287,8.954069042957384,108.8648488907647,1,신림동,관악구 대학18길 9,1
37.56311622,127.0271465072945,9.004845464572565,142.24279353121415,1,하왕십리동,성동구 왕십리로31길 20,1
37.48974911529345,126.94180384226952,7.862000957451269,105.26884045105756,1,봉천동,관악구 국회단지19길 5 (봉천동),1
37.461610689800494,126.9158099825685,4.541160117780438,145.10526445408817,1,신림동,관악구 난향3길 42,1
37.48806357625935,126.9586422,3.5712218565721217,102.0001925633829,1,봉천동,관악구 청림2길 2 (봉천동),1
37.483789343533246,126.9432694,1.7197345076564647,38.64999601404076,1,봉천동,관악구 봉천로 387,1
37.479806561923496,126.9637399,7.886318803544238,242.86894582708783,1,봉천동,"관악구 솔밭로7길 16 (봉천동, 낙성대현대홈타운아파트)",1
37.47372643989045,126.9804718,8.292035202697113,218.59663724198504,1,남현동,관악구 승방6길 2 (남현동),1
37.47568665238735,126.9239429,6.185089780707091,200.9845440470214,1,신림동,"관악구 법원단지길 127-2 (신림동, 스카이빌)",1
37.477006992582005,126.9304433381975,8.330634482,245.9241036,1,신림동,관악구 문성로38길 37-3,1
37.46541520359075,126.9371616,14.063069995521946,103.29866540318032,1,신림동,"관악구 대학18길 6 (신림동, 금호타운)",1
37.479508800415104,126.9342588,14.488851004841944,224.33827206456323,1,신림동,관악구 신림로48길 17-16,1
37.48398936055701,126.9366908512655,8.823783959725496,162.30093265782023,1,신림동,관악구 남부순환로198길 10,1
37.487422617673346,126.9340741561875,6.469877679438916,213.45477863586856,1,봉천동,관악구 봉천로21길 11,1
37.47441109,126.9621531,1.068158002076533,191.18878561880464,1,봉천동,관악구 낙성대역6길 17-3,1
37.55481984883925,127.0331210953215,6.004418785180271,235.04334026054136,1,행당동,성동구 독서당로 441,1
37.5558685,127.0224954812515,7.119887127,159.32167554931195,1,금호동1가,성동구 행당로 27,1
37.485425317988955,127.0348448,4.471910662875516,101.9629791862852,1,도곡동,강남구 남부순환로351길 8 (도곡동),1
37.51404396,127.02099783428348,10.65182504435078,400.7125699159927,1,논현동,강남구 강남대로140길 7,1
37.5148572,127.053165,5.2444824677755815,146.1741726453652,1,삼성동,강남구 삼성로112길 11 (삼성동),1
37.51826496,127.06127935999852,7.348232487906857,240.74255568078493,1,삼성동,강남구 영동대로118길 43-6,1
37.51006598,127.0318624,3.837313478734844,201.2341085885655,1,논현동,강남구 논현로119길 5 (논현동),1
37.51208585,127.0310459,0.80343649,204.15348543155056,1,논현동,강남구 논현로123길 4-1 (논현동),1
37.51327917607545,127.0359866845735,8.713978374242672,322.7929523258436,1,논현동,강남구 언주로 634 (논현동),1
37.51247260828855,127.0323655,4.868077710166401,282.39895731609363,1,논현동,"강남구 논현로124길 7 (논현동, 논현 아트빌)",1
37.521158453136195,127.0452785,0.7996270131949513,194.6271683918453,1,청담동,강남구 도산대로70길 25,1
37.528373848749595,127.0482638,1.1380980412154595,372.54546453315663,1,청담동,"강남구 압구정로75길 40 (청담동, 엘지빌라)",1
37.55663396273415,127.02769826051347,4.765056604274437,116.03623418308668,1,행당동,성동구 행당로 75,1
37.50392569,127.0295695,2.6148732635362597,268.8999028931049,1,역삼동,강남구 봉은사로18길 37,1
37.50289574359305,127.033156,1.4894020180123386,154.17641497065344,1,역삼동,강남구 논현로97길 30 (역삼동),1
37.50954082,127.0308739,1.2860491407752055,168.56522310473443,1,논현동,"강남구 학동로18길 69 (논현동, 다세대주택(4세대))",1
37.56612644,127.0884568,3.1687776085933375,138.22810271130157,1,중곡동,광진구 용마산로22길 76,1
37.51802924,127.0390482,4.424887672647473,180.45677234197495,1,논현동,강남구 선릉로133길 22 (논현동),1
37.51118845,127.0496311308455,7.044169015223667,223.04227780121064,1,삼성동,강남구 봉은사로68길 6-3 (삼성동),1
37.46420753356935,127.1067292,2.4205782553777633,174.97346573350433,1,세곡동,강남구 헌릉로622길 10 (세곡동),1
37.47207559,127.0951506,3.687039094968143,120.8908989659224,1,자곡동,강남구 자곡로 106 (자곡동),1
37.53488135,127.0094591453005,3.089593822879781,213.48110712800153,1,한남동,용산구 한남대로20길 47,1
37.54610403065525,127.0224373865435,4.096997277361944,117.6680611930524,1,금호동4가,성동구 금호로1길 25,1
37.54545969035845,127.0149575,4.493996017,145.75878548503732,1,옥수동,성동구 매봉길 15,1
37.505454569010496,127.0295344848915,4.673227747802159,255.49599134742888,1,역삼동,강남구 봉은사로 134,1
37.48628993,126.95823159642048,3.017096611949994,70.34112925927283,1,봉천동,관악구 관악로30길 12,1
37.46939087281725,126.9658094,3.093926774689263,279.6310966613749,1,봉천동,관악구 인헌16나길 4,1
37.48426966957565,126.9585651776325,6.024985308831709,148.58961137131206,1,봉천동,관악구 관악로24가길 15,1
37.49429676318135,126.9359583196015,7.982238929486303,205.51703983300496,1,상도동,"동작구 국사봉1라길 10 (상도동, 상도빌라)",1
37.47896342360495,126.9737105,3.745439247441744,174.1076438849883,1,사당동,동작구 사당로20길 126,1
37.48234114736515,126.9703725,4.216400350341434,135.7337942672503,1,사당동,동작구 사당로14길 48-7,1
37.62508212101635,127.0137927,6.859400921614469,225.74875326197736,1,미아동,"강북구 솔매로 12 (미아동, 미향빌라)",1
37.48748025743105,126.9758402872965,8.129085653449522,158.57512729498748,1,사당동,동작구 사당로29길 86 (사당동),1
37.58456124738974,126.9345098,4.762130662525139,139.72634879078532,1,홍은동,서대문구 연희로37안길 14-3,1
37.58439574,126.9501889,6.335121296883913,160.64244899945925,1,홍제동,"서대문구 통일로28길 19-7 (홍제동, 현대빌라)",1
37.46575549,126.8945946623745,0.4093482418532342,93.71871165866584,1,독산동,금천구 범안로16길 8-7 (독산동),1
37.56446851,126.9620346,5.282096378345254,94.19416790756576,1,충정로2가,서대문구 경기대로9길 24,1
37.51189132,126.9018851,0.7669448036132476,106.80651424271726,1,영등포동,영등포구 도신로29길 28,1
37.50341192,126.9534726,0.8619530444308072,223.0943566640611,1,상도동,"동작구 상도로47바길 31 (상도동, 정호아파트)",1
37.51343529860981,126.9069727789435,0.6961601326335723,144.50688544842072,1,영등포동,영등포구 영신로17길 13,1
37.50598759,126.9156721,0.1781730925921475,151.9665830691763,1,신길동,영등포구 가마산로79길 7,1
37.49212665,126.9629305,9.077307013909184,121.30168139637968,1,사당동,동작구 사당로 90,1
37.500598960012795,126.94542519505048,0.3835049170589024,123.25350169450527,1,상도동,동작구 양녕로 220,1
37.50547708,126.9332763251045,0.5601624524381896,107.02242012108808,1,대방동,"동작구 등용로 43 (대방동, 천록빌라)",1
37.48441723,127.0361685,0.360813959,80.36677433388046,1,양재동,서초구 남부순환로 2610 (양재동),1
37.48699045801235,127.0288293,0.4075192764698103,193.59687120562043,1,서초동,서초구 효령로72길 57,1
37.495377823728845,127.0151588,2.3179715064652533,261.63348631497536,1,서초동,서초구 서초대로53길 12,1
37.50169574655715,127.0165601815565,0.083336696,161.4123298838032,1,반포동,서초구 고무래로 71,1
37.493111650066695,127.0183710234025,0.1502888176419063,155.96293514714034,1,서초동,서초구 사임당로17길 101,1
37.50032853,127.0171189,1.7092640637337768,145.0620481651599,1,서초동,서초구 고무래로 90-6,1
37.50859338635595,126.91232950401452,0.7446716894258929,176.95810433132996,1,신길동,영등포구 신길로42가길 10,1
37.50687018,126.9569703205155,3.117831918552997,344.7407560896064,1,흑석동,동작구 흑석로5길 9 (흑석동),1
37.48298368875185,126.971231,2.7219124082916113,93.38841052279317,1,사당동,동작구 사당로14길 30 (사당동),1
37.49436544,126.9605864227915,1.1369800021613623,104.03618331569314,1,상도동,동작구 사당로2길 2-19 (상도동),1
37.63407598,127.0585393,4.209967856029869,193.26667253258432,1,월계동,노원구 초안산로2길 128,1
37.68316913,127.0621624153985,3.8572056939026305,944.7347897640452,1,상계동,노원구 동일로250길 85 (상계동),1
37.66629493085085,127.0808974,3.7494000761966255,161.86657780794965,1,상계동,노원구 덕릉로112길 68 (상계동),1
37.583153676200894,126.95149828763748,12.718405521757036,188.09446012341704,1,홍제동,"서대문구 통일로 348 (홍제동, 무악청구아파트)",1
37.49875027952645,126.949792,0.9435911595299136,210.6219433,1,상도동,동작구 상도로 320,1
37.49031808759385,126.9112184,9.882189834910134,142.01647244935526,1,신대방동,동작구 신대방14길 23-4 (신대방동),1
37.48713499400935,126.9706883,3.6444238935769304,173.58207155022836,1,사당동,동작구 사당로13길 77,1
37.49817650406465,126.9464783030165,12.209684055874996,129.8344735671506,1,상도동,동작구 양녕로22라길 66,1
37.46471305516785,126.8943851994365,0.8115331150935611,112.50682715953864,1,독산동,금천구 벚꽃로10길 77,1
37.47612758693265,126.9016854582515,1.312539477755997,173.50084767021954,1,독산동,금천구 시흥대로150길 50-18,1
37.45945534,126.9075588,1.1955384111904466,99.87320203,1,시흥동,금천구 독산로36길 36,1
37.47206041165085,126.9023707665235,0.3053305343185299,141.2848744056525,1,독산동,금천구 독산로85길 7-8,1
37.49398052,126.9023950001905,1.4600569611608396,128.36222787653713,1,대림동,영등포구 대림로22길 14-2 (대림동),1
37.49401894,126.93596686797552,8.017189214791264,209.03567561996996,1,상도동,동작구 국사봉1길 213,1
37.49625786499075,126.9290473,2.883741959903192,154.5973524645243,1,신대방동,동작구 국사봉2라길 11-1 (신대방동),1
37.51058944190185,126.9470077141175,6.704423568520483,149.55177613639768,1,노량진동,동작구 만양로8길 50,1
37.500764427728654,126.9370774,2.633936910729652,41.65128885029122,1,상도동,동작구 성대로21길 66-3 (상도동),1
37.50886147,126.95693692667253,4.563707578331574,195.3295112275053,1,흑석동,"동작구 흑석로5길 57 (흑석동, 에버그린II)",1
37.49280533764146,126.9790948,4.823267617689077,174.24784147254135,1,사당동,동작구 동작대로35자길 6,1
37.504142543493245,126.93382030581448,1.1309445874537944,139.2890657044589,1,상도동,동작구 상도로15바길 10-1 (상도동),1
37.59976399,127.0240683,1.1655199839734618,39.86641865714388,1,돈암동,성북구 동소문로34길 24,1
37.476800909839554,126.972134,0.3911179975640355,150.9581685458645,1,사당동,동작구 남부순환로259길 22,1
37.48298940762195,126.9677355575655,5.869233511951453,261.3292538785152,1,사당동,동작구 사당로8길 59,1
37.492265960063904,127.0422659,6.583520435064352,262.46981361544476,1,도곡동,강남구 도곡로 212,1
37.549023,127.1419947,0.7407894921025859,41.551534623112005,1,천호동,강동구 구천면로68가길 11-4,1