,구분,시설명,시설_위치,위도,경도
0,지역아동센터,테스트지역아동센터,"37.566476952235696, 126.97767463729524",37.566476952235696,126.97767463729524
1,지역아동센터,유스비전스쿨 청소년전용지역아동센터,"37.51132, 126.92313",37.51132,126.92313
2,지역아동센터,꿈나무들의둥지지역아동센터,"37.54423, 126.86637",37.54423,126.86637
3,지역아동센터,송천동지역아동센터,"37.61515, 127.02509",37.61515,127.02509
4,지역아동센터,들꽃청소년지역아동센터,"37.54553, 127.12642",37.54553,127.12642
5,지역아동센터,꿈꾸는땅지역아동센터,"37.57272, 127.1767",37.57272,127.1767
6,지역아동센터,천호지역아동센터,"37.54341, 127.13211",37.54341,127.13211
7,지역아동센터,힘찬지역아동센터,"37.58207, 127.07419",37.58207,127.07419
8,지역아동센터,푸른공부방지역아동센터,"37.52361, 126.89828",37.52361,126.89828
9,지역아동센터,한별지역아동센터,"37.46922, 126.90664",37.46922,126.90664
10,지역아동센터,친구네지역아동센터,"37.57439, 127.01052",37.57439,127.01052
11,지역아동센터,함사람지역아동센터,"37.45486, 126.9032",37.45486,126.9032
12,지역아동센터,돌산공부방지역아동센터,"37.61885, 127.02267",37.61885,127.02267
13,지역아동센터,상도푸른지역아동센터,"37.49831, 126.94571",37.49831,126.94571
14,지역아동센터,늘품지역아동센터,"37.64431, 127.0103",37.64431,127.0103
15,지역아동센터,으뜸지역아동센터,"37.64658, 127.01478",37.64658,127.01478
16,지역아동센터,서초지역아동센터,"37.48062, 126.98461",37.48062,126.98461
17,지역아동센터,하나복지지역아동센터,"37.48262, 126.98381",37.48262,126.98381
18,지역아동센터,위더스틴즈지역아동센터,"37.50393, 126.94135",37.50393,126.94135
19,지역아동센터,위더스지역아동센터,"37.50418, 126.93973",37.50418,126.93973
20,지역아동센터,해밀지역아동센터,"37.50133, 127.14212",37.50133,127.14212
21,지역아동센터,화곡지역아동센터,"37.53274, 126.8591",37.53274,126.8591
22,지역아동센터,경향지역아동센터,"37.55719, 126.8517",37.55719,126.8517
23,지역아동센터,큰미래지역아동센터,"37.56308, 126.8106",37.56308,126.8106
24,지역아동센터,아름드리지역아동센터,"37.51901, 126.87608",37.51901,126.87608
25,지역아동센터,조이스터디,"37.56944, 127.03526",37.56944,127.03526
26,지역아동센터,위캔지역아동센터,"37.54235, 126.84863",37.54235,126.84863
27,지역아동센터,꿈나무공부방 지역아동센터,"37.4637, 126.91644",37.4637,126.91644
28,지역아동센터,구립고덕2동청소년지역아동센터,"37.55879, 127.16996",37.55879,127.16996
29,지역아동센터,보물섬지역아동센터,"37.60968, 126.90667",37.60968,126.90667
30,지역아동센터,서울지역아동센터,"37.58975, 127.08578",37.58975,127.08578
31,지역아동센터,나누리지역아동센터,"37.4531, 126.90892",37.4531,126.90892
32,지역아동센터,금천미래지역아동센터,"37.4752, 126.8973",37.4752,126.8973
33,지역아동센터,참좋은 지역아동센터,"37.47621, 126.91711",37.47621,126.91711
34,지역아동센터,민영지역아동센터,"37.47628, 126.91817",37.47628,126.91817
35,지역아동센터,양지 지역아동센터,"37.48404, 126.93726",37.48404,126.93726
36,지역아동센터,물댄동산목동지역아동센터,"37.50778, 126.86453",37.50778,126.86453
37,지역아동센터,마고네지역아동센터,"37.59263, 127.00669",37.59263,127.00669
38,지역아동센터,관악청소년 지역아동센터,"37.47451, 126.91385",37.47451,126.91385
39,지역아동센터,물댄동산난곡 지역아동센터,"37.47753, 126.91517",37.47753,126.91517
40,지역아동센터,암사지역아동센터,"37.55602, 127.13775",37.55602,127.13775
41,지역아동센터,발음지역아동센터,"37.55092, 126.83419",37.55092,126.83419
42,지역아동센터,마을속작은학교,"37.64425, 127.01805",37.64425,127.01805
43,지역아동센터,금나래지역아동센터,"37.46756, 126.89402",37.46756,126.89402
44,지역아동센터,독산1동지역아동센터,"37.46264, 126.88962",37.46264,126.88962
45,지역아동센터,주원지역아동센터,"37.58661, 126.94752",37.58661,126.94752
46,지역아동센터,참사랑지역아동센터,"37.58195729680787, 127.09059702864094",37.58195729680787,127.09059702864094
47,지역아동센터,참이랑지역아동센터,"37.60117, 127.08762",37.60117,127.08762
48,지역아동센터,행복한지역아동센터,"37.60274, 126.9155",37.60274,126.9155
49,지역아동센터,공립벧엘지역아동센터,"37.60438, 126.91664",37.60438,126.91664
50,지역아동센터,꿈이있는푸른학교지역아동센터,"37.58729, 126.91971",37.58729,126.91971
51,지역아동센터,이레지역아동센터,"37.60227, 126.91558",37.60227,126.91558
52,지역아동센터,은광지역아동센터,"37.60631, 126.93064",37.60631,126.93064
53,지역아동센터,동방지역아동센터,"37.6006, 126.90999",37.6006,126.90999
54,지역아동센터,생명나무 지역아동센터,"37.54105, 126.95806",37.54105,126.95806
55,지역아동센터,신일지역아동센터,"37.56564, 126.9591",37.56564,126.9591
56,지역아동센터,쪼물왕국지역아동센터,"37.53890408449032, 126.89558480033271",37.53890408449032,126.89558480033271
57,지역아동센터,성산교회부설 한우리 지역아동센터,"37.4733, 126.96435",37.4733,126.96435
58,지역아동센터,행복한지역아동센터,"37.54665, 127.08881",37.54665,127.08881
59,지역아동센터,은천지역아동센터,"37.48838, 126.92102",37.48838,126.92102
60,지역아동센터,밝은미래지역아동센터,"37.55103, 127.12963",37.55103,127.12963
61,지역아동센터,구립노원청소년지역아동센터,"37.66017, 127.0759",37.66017,127.0759
62,지역아동센터,광동 지역아동센터,"37.47926, 126.96081",37.47926,126.96081
63,지역아동센터,보라매 지역아동센터,"37.49091, 126.92893",37.49091,126.92893
64,지역아동센터,꿈둥지지역아동센터,"37.47963, 126.94439",37.47963,126.94439
65,지역아동센터,비전교실 지역아동센터,"37.48459, 126.9607",37.48459,126.9607
66,지역아동센터,꿈마을 지역아동센터,"37.48579, 126.94709",37.48579,126.94709
67,지역아동센터,꿈꾸는지역아동센터,"37.50043, 127.13702",37.50043,127.13702
68,지역아동센터,솔바람지역아동센터,"37.49632, 127.15448",37.49632,127.15448
69,지역아동센터,겨레얼학교지역아동센터,"37.53395, 126.82525",37.53395,126.82525
70,지역아동센터,다니엘청소년지역아동센터,"37.53311, 126.83215",37.53311,126.83215
71,지역아동센터,사무엘지역아동센터,"37.5332, 126.82887",37.5332,126.82887
72,지역아동센터,선유지역아동센터,"37.5227, 126.88877",37.5227,126.88877
73,지역아동센터,비젼학교지역아동센터,"37.49211, 127.08342",37.49211,127.08342
74,지역아동센터,선한지역아동센터,"37.50945, 126.96001",37.50945,126.96001
75,지역아동센터,솔나무지역아동센터,"37.50946, 126.9319",37.50946,126.9319
76,지역아동센터,아름다운안암지역아동센터,"37.58257, 127.03114",37.58257,127.03114
77,지역아동센터,우리지역아동센터,"37.62961, 127.03877",37.62961,127.03877
78,지역아동센터,우신지역아동센터,"37.49528, 126.82835",37.49528,126.82835
79,지역아동센터,점프지역아동센터,"37.47394, 127.04449",37.47394,127.04449
80,지역아동센터,비전트리지역아동센터,"37.60885989233055, 127.04760824292046",37.60885989233055,127.04760824292046
81,지역아동센터,송파희망세상지역아동센터,"37.49256, 127.14733",37.49256,127.14733
82,지역아동센터,함께꿈꾸는지역아동센터,"37.55894, 126.84405",37.55894,126.84405
83,지역아동센터,민들레학교지역아동센터,"37.52654, 126.90969",37.52654,126.90969
84,지역아동센터,신대방동구립지역아동센터,"37.48651, 126.90937",37.48651,126.90937
85,지역아동센터,해피아트지역아동센터,"37.58793, 127.05956",37.58793,127.05956
86,지역아동센터,배움터지역아동센터,"37.54012, 127.13649",37.54012,127.13649
87,지역아동센터,디모데지역아동센터,"37.51132, 126.92313",37.51132,126.92313
88,지역아동센터,울림사회적협동조합 꾸러기지역아동센터,"37.62067, 127.03166",37.62067,127.03166
89,지역아동센터,해피지역아동센터,"37.49644, 126.83972",37.49644,126.83972
90,지역아동센터,무지개지역아동센터,"37.65821, 127.0384",37.65821,127.0384
91,지역아동센터,동작지역아동센터,"37.4984, 126.92897",37.4984,126.92897
92,지역아동센터,동화나라지역아동센터,"37.48673, 126.96725",37.48673,126.96725
93,지역아동센터,멘토지역아동센터,"37.46029, 126.90611",37.46029,126.90611
94,지역아동센터,렘넌트지역아동센터,"37.46485, 126.90154",37.46485,126.90154
95,지역아동센터,하늘품의집지역아동센터,"37.66024071017459, 127.06818373409187",37.66024071017459,127.06818373409187
96,지역아동센터,베다니지역아동센터,"37.65576, 127.01606",37.65576,127.01606
97,지역아동센터,쌍문지역아동센터,"37.65015, 127.02485",37.65015,127.02485
98,지역아동센터,성복행복한홈스쿨지역아동센터,"37.56422, 127.065",37.56422,127.065
99,지역아동센터,이문꿈지역아동센터,"37.59812, 127.06147",37.59812,127.06147
100,지역아동센터,아이들의울타리 지역아동센터,"37.5085, 126.94065",37.5085,126.94065
101,지역아동센터,나눔지역아동센터,"37.48955, 126.91292",37.48955,126.91292
102,지역아동센터,흑석지역아동센터,"37.50763, 126.96606",37.50763,126.96606
103,지역아동센터,대방지역아동센터,"37.51016, 126.9301",37.51016,126.9301
104,지역아동센터,엘림지역아동센터,"37.55956, 126.90156",37.55956,126.90156
105,지역아동센터,망원무지개지역아동센터,"37.55793, 126.90436",37.55793,126.90436
106,지역아동센터,라온지역아동센터,"37.55363, 127.0702",37.55363,127.0702
107,지역아동센터,꿈터지역아동센터,"37.55389, 127.01848",37.55389,127.01848
108,지역아동센터,응봉지역아동센터,"37.54895, 127.0319",37.54895,127.0319
109,지역아동센터,장위희망지역아동센터,"37.61599, 127.04292",37.61599,127.04292
110,지역아동센터,아름다운지역아동센터,"37.56305, 127.17652",37.56305,127.17652
111,지역아동센터,강일지역아동센터,"37.56157, 127.17025",37.56157,127.17025
112,지역아동센터,돋움지역아동센터,"37.55906, 127.15255",37.55906,127.15255
113,지역아동센터,송중동지역아동센터,"37.61382, 127.03324",37.61382,127.03324
114,지역아동센터,울림사회적협동조합 산지역아동센터,"37.64085, 127.01926",37.64085,127.01926
115,지역아동센터,울림사회적협동조합하늘씨앗지역아동센터,"37.62543, 127.01868",37.62543,127.01868
116,지역아동센터,울림사회적협동조합 독립문지역아동센터,"37.63449, 127.03027",37.63449,127.03027
117,지역아동센터,강북지역아동센터,"37.64426, 127.01759",37.64426,127.01759
118,지역아동센터,경희지역아동센터,"37.5657, 127.08045",37.5657,127.08045
119,지역아동센터,누리지역아동센터,"37.48724, 126.88642",37.48724,126.88642
120,지역아동센터,꿈나래지역아동센터,"37.49696, 126.84066",37.49696,126.84066
121,지역아동센터,메이지역아동센터,"37.49527, 126.89365",37.49527,126.89365
122,지역아동센터,은혜지역아동센터,"37.505, 126.85656",37.505,126.85656
123,지역아동센터,하늘지역아동센터,"37.47616, 126.90495",37.47616,126.90495
124,지역아동센터,안수인지역아동센터,"37.44186, 126.90429",37.44186,126.90429
125,지역아동센터,금천행복한지역아동센터,"37.45797, 126.90513",37.45797,126.90513
126,지역아동센터,사랑의지역아동센터,"37.46454, 126.8997",37.46454,126.8997
127,지역아동센터,아이들세상지역아동센터,"37.46409, 126.90336",37.46409,126.90336
128,지역아동센터,세림지역아동센터,"37.45354, 126.90363",37.45354,126.90363
129,지역아동센터,푸르미지역아동센터,"37.50151, 126.85854",37.50151,126.85854
130,지역아동센터,푸른샘지역아동센터,"37.44946, 126.90565",37.44946,126.90565
131,지역아동센터,푸른솔지역아동센터,"37.53525, 127.11342",37.53525,127.11342
132,지역아동센터,한사랑지역아동센터,"37.55639, 127.07232",37.55639,127.07232
133,지역아동센터,흑석희망지역아동센터,"37.50763, 126.96606",37.50763,126.96606
134,지역아동센터,성광지역아동센터,"37.61382, 127.0103",37.61382,127.0103
135,지역아동센터,한마음지역아동센터,"37.58472, 127.04831",37.58472,127.04831
136,지역아동센터,구로파랑새나눔터공부방지역아동센터,"37.49483, 126.88463",37.49483,126.88463
137,지역아동센터,생각의숲지역아동센터,"37.50089, 126.93782",37.50089,126.93782
138,지역아동센터,삼성지역아동센터,"37.60097, 127.0243",37.60097,127.0243
139,지역아동센터,오예스지역아동센터,"37.46603, 126.90515",37.46603,126.90515
140,지역아동센터,삼정학교지역아동센터,"37.65165, 127.05874",37.65165,127.05874
141,지역아동센터,해성지역아동센터,"37.4894, 126.95698",37.4894,126.95698
142,지역아동센터,그루터기배움터지역아동센터,"37.5027, 126.84477",37.5027,126.84477
143,지역아동센터,사랑지역아동센터,"37.60983, 127.00484",37.60983,127.00484
144,지역아동센터,동소문행복한 홈스쿨 지역아동센터,"37.59723, 127.01407",37.59723,127.01407
145,지역아동센터,시습지역아동센터,"37.61229, 127.01106",37.61229,127.01106
146,지역아동센터,그린리버지역아동센터,"37.50146, 127.14933",37.50146,127.14933
147,지역아동센터,아름다운꿈지역아동센터,"37.49581, 127.15",37.49581,127.15
148,지역아동센터,마을학교지역아동센터,"37.52827, 127.1336",37.52827,127.1336
149,지역아동센터,누리미지역아동센터,"37.50109, 127.14893",37.50109,127.14893
150,지역아동센터,송파열매지역아동센터,"37.53154, 127.11596",37.53154,127.11596
151,지역아동센터,강동꿈나무지역아동센터,"37.5468, 127.12385",37.5468,127.12385
152,지역아동센터,한길지역아동센터,"37.5922, 127.08242",37.5922,127.08242
153,지역아동센터,중화지역아동센터,"37.60223, 127.08532",37.60223,127.08532
154,지역아동센터,신당꿈 구립 지역아동센터,"37.55821, 127.01094",37.55821,127.01094
155,지역아동센터,구립 오금동 지역아동센터,"37.49819, 127.13985",37.49819,127.13985
156,지역아동센터,새날지역아동센터,"37.54048, 127.06557",37.54048,127.06557
157,지역아동센터,구립 문정1동 지역아동센터,"37.48816348038599, 127.12732048262808",37.48816348038599,127.12732048262808
158,지역아동센터,구립성내지역아동센터,"37.53221, 127.12936",37.53221,127.12936
159,지역아동센터,푸른나무지역아동센터,"37.50564, 126.96661",37.50564,126.96661
160,지역아동센터,마리스타 지역아동센터,"37.54453, 126.91413",37.54453,126.91413
161,지역아동센터,서진 지역아동센터,"37.56781, 126.90781",37.56781,126.90781
162,지역아동센터,우리모여지역아동센터,"37.48056, 126.97335",37.48056,126.97335
163,지역아동센터,좋은친구들지역아동센터,"37.48195, 126.97806",37.48195,126.97806
164,지역아동센터,작은사랑서울지역아동센터,"37.50279, 126.92887",37.50279,126.92887
165,지역아동센터,동작이수지역아동센터,"37.49311, 126.9769",37.49311,126.9769
166,지역아동센터,노량진행복한홈스쿨지역아동센터,"37.511834653909865, 126.95394309862728",37.511834653909865,126.95394309862728
167,지역아동센터,신상도지역아동센터,"37.49702, 126.94522",37.49702,126.94522
168,지역아동센터,구립 동대문 지역아동센터,"37.57505, 127.0574",37.57505,127.0574
169,지역아동센터,드림지역아동센터,"37.59389, 127.06354",37.59389,127.06354
170,지역아동센터,꿈사랑방지역아동센터,"37.57475377273405, 127.05827102504712",37.57475377273405,127.05827102504712
171,지역아동센터,(사)나누리 나누리지역아동센터,"37.57849, 127.05658",37.57849,127.05658
172,지역아동센터,행복한지역아동센터,"37.59512, 127.06463",37.59512,127.06463
173,지역아동센터,원광지역아동센터,"37.57929, 127.05879",37.57929,127.05879
174,지역아동센터,염광지역아동센터 빛나는집,"37.57857, 127.06194",37.57857,127.06194
175,지역아동센터,해맑음한일지역아동센터,"37.66256, 127.04531",37.66256,127.04531
176,지역아동센터,한길지역아동센터,"37.59666, 127.06462",37.59666,127.06462
177,지역아동센터,희망드림지역아동센터,"37.64567, 127.03745",37.64567,127.03745
178,지역아동센터,영광지역아동센터,"37.6503, 127.02689",37.6503,127.02689
179,지역아동센터,에듀존도봉지역아동센터,"37.65325, 127.04052",37.65325,127.04052
180,지역아동센터,창동드림지역아동센터,"37.63532, 127.0406",37.63532,127.0406
181,지역아동센터,도서관 속 별난학교 지역아동센터,"37.66262, 127.02887",37.66262,127.02887
182,지역아동센터,아름다운 지역아동센터,"37.64346, 127.03558",37.64346,127.03558
183,지역아동센터,나눔플러스지역아동센터,"37.64712, 127.03114",37.64712,127.03114
184,지역아동센터,참솔지역아동센터,"37.66667, 127.03219",37.66667,127.03219
185,지역아동센터,씨앗지역아동센터,"37.68493, 127.04571",37.68493,127.04571
186,지역아동센터,늘사랑 지역아동센터,"37.65391, 127.05183",37.65391,127.05183
187,지역아동센터,도봉지역아동센터,"37.67004, 127.03972",37.67004,127.03972
188,지역아동센터,방학동 지역아동센터,"37.65878, 127.02806",37.65878,127.02806
189,지역아동센터,구립월계문화지역아동센터,"37.62426, 127.05079",37.62426,127.05079
190,지역아동센터,샘터지역아동센터(공부방),"37.64668, 127.03915",37.64668,127.03915
191,지역아동센터,지구촌지역아동센터,"37.47905, 126.89437",37.47905,126.89437
192,지역아동센터,영문지역아동센터,"37.48754, 126.85421",37.48754,126.85421
193,지역아동센터,놀이터지역아동센터,"37.60906, 127.07832",37.60906,127.07832
194,지역아동센터,파랑새지역아동센터,"37.60845, 127.09647",37.60845,127.09647
195,지역아동센터,씨앗지역아동센터,"37.58894, 127.08908",37.58894,127.08908
196,지역아동센터,파란나라지역아동센터,"37.59221, 127.08688",37.59221,127.08688
197,지역아동센터,녹색지역아동센터,"37.58574, 127.07671",37.58574,127.07671
198,지역아동센터,열린지역아동센터,"37.60267, 127.10205",37.60267,127.10205
199,지역아동센터,동원지역아동센터,"37.58388, 127.09047",37.58388,127.09047
200,지역아동센터,생명강지역아동센터,"37.59752, 127.07893",37.59752,127.07893
201,지역아동센터,동그라미지역아동센터,"37.58709, 127.07822",37.58709,127.07822
202,지역아동센터,면목지역아동센터,"37.57635, 127.08142",37.57635,127.08142
203,지역아동센터,차오름지역아동센터,"37.59026, 127.09339",37.59026,127.09339
204,지역아동센터,마루아라지역아동센터,"37.60857, 127.09477",37.60857,127.09477
205,지역아동센터,참좋은지역아동센터,"37.59086, 127.09783",37.59086,127.09783
206,지역아동센터,성심지역아동센터,"37.58766, 127.10134",37.58766,127.10134
207,지역아동센터,만나지역아동센터,"37.58578, 127.08013",37.58578,127.08013
208,지역아동센터,솔로몬지역아동센터,"37.60421, 127.10335",37.60421,127.10335
209,지역아동센터,즐거운지역아동센터,"37.58495, 127.07878",37.58495,127.07878
210,지역아동센터,나비훨훨지역아동센터,"37.55129, 127.00762",37.55129,127.00762
211,지역아동센터,세종지역아동센터,"37.57285, 126.96047",37.57285,126.96047
212,지역아동센터,연동지역아동센터,"37.57399, 127.00132",37.57399,127.00132
213,지역아동센터,한누리아동센터,"37.57344, 126.96053",37.57344,126.96053
214,지역아동센터,종로지역아동센터,"37.5772, 127.01219",37.5772,127.01219
215,지역아동센터,성터지역아동센터,"37.57513, 127.00923",37.57513,127.00923
216,지역아동센터,마로니에지역아동센터,"37.57953, 127.00517",37.57953,127.00517
217,지역아동센터,사단법인 공동육아와 공동체교육 해송지역아동센터,"37.57785, 127.00867",37.57785,127.00867
218,지역아동센터,중앙지역아동센터,"37.574, 127.00825",37.574,127.00825
219,지역아동센터,청암지역아동센터,"37.57734, 127.01035",37.57734,127.01035
220,지역아동센터,증산동성산 지역아동센터,"37.58418, 126.90732",37.58418,126.90732
221,지역아동센터,구립오병이어 지역아동센터,"37.59947, 126.92438",37.59947,126.92438
222,지역아동센터,참신나는학교 지역아동센터,"37.57316, 127.01335",37.57316,127.01335
223,지역아동센터,광암 지역아동센터,"37.58381, 126.91706",37.58381,126.91706
224,지역아동센터,부림지역아동센터,"37.62571, 126.92783",37.62571,126.92783
225,지역아동센터,구로구공립지역아동센터,"37.48058, 126.83978",37.48058,126.83978
226,지역아동센터,섬기는지역아동센터,"37.49393, 126.85025",37.49393,126.85025
227,지역아동센터,메리워드 지역아동센터,"37.49969, 126.84072",37.49969,126.84072
228,지역아동센터,한사랑지역아동센터,"37.4881, 126.88716",37.4881,126.88716
229,지역아동센터,구로푸른학교 지역아동센터,"37.49664, 126.88843",37.49664,126.88843
230,지역아동센터,지역아동센터평화만들기,"37.49749, 126.83128",37.49749,126.83128
231,지역아동센터,구로지역아동센터,"37.48514, 126.88683",37.48514,126.88683
232,지역아동센터,새솜 지역아동센터,"37.50235, 126.89215",37.50235,126.89215
233,지역아동센터,함사람지역아동센터,"37.50353, 126.86135",37.50353,126.86135
234,지역아동센터,꿈의학교지역아동센터,"37.48955, 126.85704",37.48955,126.85704
235,지역아동센터,어린이나라지역아동센터,"37.53966, 127.08653",37.53966,127.08653
236,지역아동센터,새빛지역아동센터,"37.53728, 127.07944",37.53728,127.07944
237,지역아동센터,희망샘지역아동센터,"37.55905, 127.0903",37.55905,127.0903
238,지역아동센터,중곡지역아동센터,"37.55579, 127.09082",37.55579,127.09082
239,지역아동센터,해피엘지역아동센터,"37.53101, 127.07526",37.53101,127.07526
240,지역아동센터,신양하늘꿈지역아동센터,"37.53647, 127.06144",37.53647,127.06144
241,지역아동센터,새움터지역아동센터,"37.53409, 127.08392",37.53409,127.08392
242,지역아동센터,꿈나래지역아동센터,"37.5583, 127.08876",37.5583,127.08876
243,지역아동센터,새숲지역아동센터,"37.46606, 126.92862",37.46606,126.92862
244,지역아동센터,우리들의공부방,"37.4833, 126.92109",37.4833,126.92109
245,지역아동센터,행복한지역아동센터,"37.475, 126.92078",37.475,126.92078
246,지역아동센터,조원지역아동센터,"37.48155, 126.90874",37.48155,126.90874
247,지역아동센터,하늘지역아동센터,"37.47441, 126.93408",37.47441,126.93408
248,지역아동센터,드림한누리지역아동센터,"37.49222, 126.94715",37.49222,126.94715
249,지역아동센터,아담스지역아동센터,"37.46865, 126.92117",37.46865,126.92117
250,지역아동센터,민들레샘물 지역아동센터,"37.4634, 126.93716",37.4634,126.93716
251,지역아동센터,섬김의집,"37.47139, 126.93572",37.47139,126.93572
252,지역아동센터,열린지역아동센터,"37.48516, 126.94575",37.48516,126.94575
253,지역아동센터,난향지역아동센터,"37.4624, 126.9161",37.4624,126.9161
254,지역아동센터,강서누리지역아동센터,"37.55785, 126.81149",37.55785,126.81149
255,지역아동센터,소은지역아동센터,"37.55578, 126.81681",37.55578,126.81681
256,지역아동센터,방화지역아동센터,"37.57103, 126.80666",37.57103,126.80666
257,지역아동센터,한길지역아동센터,"37.55117458288856, 126.86815452993665",37.55117458288856,126.86815452993665
258,지역아동센터,새하늘지역아동센터,"37.54021, 126.83826",37.54021,126.83826
259,지역아동센터,좋은친구청소년지역아동센터,"37.53867, 126.84195",37.53867,126.84195
260,지역아동센터,좋은사람들지역아동센터,"37.54444, 126.84127",37.54444,126.84127
261,지역아동센터,솔로몬지역아동센터,"37.57438, 126.80952",37.57438,126.80952
262,지역아동센터,람원행복한홈스쿨 지역아동센터,"37.55157, 126.853",37.55157,126.853
263,지역아동센터,열린지역아동센터,"37.54016, 126.85068",37.54016,126.85068
264,지역아동센터,성광행복한지역아동센터,"37.57298, 126.82205",37.57298,126.82205
265,지역아동센터,나욧지역아동센터,"37.64192, 127.02122",37.64192,127.02122
266,지역아동센터,아름다운 땅 지역아동센터,"37.62884, 127.03989",37.62884,127.03989
267,지역아동센터,강북구 공립지역아동센터,"37.63981509233783, 127.0328407181199",37.63981509233783,127.0328407181199
268,지역아동센터,희망의집 지역아동센터,"37.62851, 127.01829",37.62851,127.01829
269,지역아동센터,동산비젼스쿨지역아동센터,"37.61635, 127.03119",37.61635,127.03119
270,지역아동센터,서라벌아카데미지역아동센터,"37.65807, 127.01351",37.65807,127.01351
271,지역아동센터,삼동지역아동센터,"37.6274, 127.0451",37.6274,127.0451
272,지역아동센터,구립길리청소년지역아동센터,"37.53732, 127.14206",37.53732,127.14206
273,지역아동센터,서울중심지역아동센터,"37.53557, 127.12795",37.53557,127.12795
274,지역아동센터,오륜레인보우지역아동센터,"37.52608, 127.1325",37.52608,127.1325
275,지역아동센터,길동지역아동센터,"37.53563, 127.14274",37.53563,127.14274
276,지역아동센터,제일강동지역아동센터,"37.54465, 127.14585",37.54465,127.14585
277,지역아동센터,암사꿈나무지역아동센터,"37.54794, 127.13298",37.54794,127.13298
278,지역아동센터,나래지역아동센터,"37.54186, 127.14535",37.54186,127.14535
279,지역아동센터,명성지역아동센터,"37.5446, 127.13799",37.5446,127.13799
280,지역아동센터,아름다운행복한홈스쿨지역아동센터,"37.5504, 127.14488",37.5504,127.14488
281,지역아동센터,구립우등생지역아동센터,"37.5359, 127.13962",37.5359,127.13962
282,지역아동센터,소리마을지역아동센터,"37.54576, 127.13335",37.54576,127.13335
283,지역아동센터,풍성한지역아동센터,"37.59247, 126.90642",37.59247,126.90642
284,지역아동센터,샘지역아동센터,"37.60803, 126.91439",37.60803,126.91439
285,지역아동센터,맑은지역아동센터,"37.60634, 126.92168",37.60634,126.92168
286,지역아동센터,비전스쿨지역아동센터,"37.58489, 126.91904",37.58489,126.91904
287,지역아동센터,구립광현청소년 지역아동센터,"37.61832, 126.91611",37.61832,126.91611
288,지역아동센터,푸른꿈나무지역아동센터,"37.61764, 126.93291",37.61764,126.93291
289,지역아동센터,동그라미지역아동센터,"37.62433, 126.91627",37.62433,126.91627
290,지역아동센터,갈현지역아동센터,"37.6219, 126.91692",37.6219,126.91692
291,지역아동센터,소망의집지역아동센터,"37.60922, 126.92382",37.60922,126.92382
292,지역아동센터,진관지역아동센터,"37.63573, 126.92013",37.63573,126.92013
293,지역아동센터,비단산지역아동센터,"37.59372, 126.90808",37.59372,126.90808
294,지역아동센터,그루터기지역아동센터,"37.61499, 126.91557",37.61499,126.91557
295,지역아동센터,은평지역아동센터 열린학교,"37.6013, 126.93305",37.6013,126.93305
296,지역아동센터,조은아이들지역아동센터,"37.61283, 126.93021",37.61283,126.93021
297,지역아동센터,광현지역아동센터,"37.61832, 126.91611",37.61832,126.91611
298,지역아동센터,누리사랑지역아동센터,"37.5921, 126.91268",37.5921,126.91268
299,지역아동센터,풍성한 지역아동센터,"37.52881, 126.99877",37.52881,126.99877
300,지역아동센터,한살림서울사회적협동조합 용산지역아동센터,"37.5483, 126.96481",37.5483,126.96481
301,지역아동센터,빛나라공부방(지역아동센터),"37.55098385780071, 126.97521114165208",37.55098385780071,126.97521114165208
302,지역아동센터,소망을찾는이,"37.54701, 126.97568",37.54701,126.97568
303,지역아동센터,돌봄누리 지역아동센터,"37.49418, 126.90414",37.49418,126.90414
304,지역아동센터,대림2동지역아동센터,"37.49263, 126.89808",37.49263,126.89808
305,지역아동센터,구립푸르름지역아동센터,"37.51345, 126.91709",37.51345,126.91709
306,지역아동센터,조이드림지역아동센터,"37.52923, 126.89948",37.52923,126.89948
307,지역아동센터,다사랑영등포지역아동센터,"37.50759, 126.915",37.50759,126.915
308,지역아동센터,두날개지역아동센터,"37.49945, 126.8963",37.49945,126.8963
309,지역아동센터,솔로몬지역아동센터,"37.54248, 126.89042",37.54248,126.89042
310,지역아동센터,한믿음지역아동센터,"37.49862, 126.90892",37.49862,126.90892
311,지역아동센터,사르넬리지역아동센터,"37.49567, 126.90479",37.49567,126.90479
312,지역아동센터,햇살가득지역아동센터,"37.50703, 126.89789",37.50703,126.89789
313,지역아동센터,영등포좋은나무지역아동센터,"37.52441, 126.89309",37.52441,126.89309
314,지역아동센터,기린청소년지역아동센터,"37.54117, 126.87121",37.54117,126.87121
315,지역아동센터,예람지역아동센터,"37.53699, 126.82827",37.53699,126.82827
316,지역아동센터,섬나지역아동센터,"37.52257, 126.85972",37.52257,126.85972
317,지역아동센터,드림지역아동센터,"37.53139, 126.83318",37.53139,126.83318
318,지역아동센터,초록나무학교지역아동센터,"37.52244, 126.85666",37.52244,126.85666
319,지역아동센터,우리지역아동센터,"37.52441, 126.84657",37.52441,126.84657
320,지역아동센터,비둘기지역아동센터,"37.5185, 126.83624",37.5185,126.83624
321,지역아동센터,옹달샘지역아동센터,"37.52155, 126.83937",37.52155,126.83937
322,지역아동센터,암미신월지역아동센터,"37.53594, 126.82428",37.53594,126.82428
323,지역아동센터,강서성결행복한홈스쿨지역아동센터,"37.52889, 126.83767",37.52889,126.83767
324,지역아동센터,그리스도의교회지역아동센터,"37.53872, 126.86571",37.53872,126.86571
325,지역아동센터,선한지역아동센터,"37.54369, 126.86422",37.54369,126.86422
326,지역아동센터,푸른나래지역아동센터,"37.53648, 126.82752",37.53648,126.82752
327,지역아동센터,샘물지역아동센터,"37.54638, 126.87329",37.54638,126.87329
328,지역아동센터,한누리학교지역아동센터,"37.51645, 126.83676",37.51645,126.83676
329,지역아동센터,삼전지역아동센터,"37.50604, 127.09008",37.50604,127.09008
330,지역아동센터,도담지역아동센터,"37.53716, 127.12059",37.53716,127.12059
331,지역아동센터,해오름지역아동센터,"37.50267, 127.10732",37.50267,127.10732
332,지역아동센터,새비전지역아동센터,"37.49777, 127.1415",37.49777,127.1415
333,지역아동센터,기쁨지역아동센터,"37.48445, 127.1276",37.48445,127.1276
334,지역아동센터,아름다운지역아동센터,"37.49623, 127.12593",37.49623,127.12593
335,지역아동센터,R&T지역아동센터,"37.50644, 127.13099",37.50644,127.13099
336,지역아동센터,솔빛지역아동센터,"37.49886, 127.14303",37.49886,127.14303
337,지역아동센터,구립 석관동 꿈나무키우미 돌봄센터,"37.61144, 127.06088",37.61144,127.06088
338,지역아동센터,구립 길음동 꿈나무키우미 돌봄센터,"37.60666, 127.01948",37.60666,127.01948
339,지역아동센터,푸른하늘 지역아동센터,"37.61109, 127.05977",37.61109,127.05977
340,지역아동센터,꿈나래 지역아동센터,"37.60314, 127.01455",37.60314,127.01455
341,지역아동센터,마가렛 지역아동센터,"37.5932, 126.99446",37.5932,126.99446
342,지역아동센터,밤골아이네공부방,"37.60443, 127.03355",37.60443,127.03355
343,지역아동센터,꿈터 지역아동센터,"37.58853, 127.01175",37.58853,127.01175
344,지역아동센터,목자 지역아동센터,"37.60617, 127.03446",37.60617,127.03446
345,지역아동센터,큰나무학교 지역아동센터,"37.58939, 127.02238",37.58939,127.02238
346,지역아동센터,월곡 지역아동센터,"37.60513, 127.02963",37.60513,127.02963
347,지역아동센터,아낌없이 주는 나무 지역아동센터,"37.59651, 127.03626",37.59651,127.03626
348,지역아동센터,성모의 집,"37.61542, 127.00263",37.61542,127.00263
349,지역아동센터,나무를심는학교,"37.56288, 126.9548",37.56288,126.9548
350,지역아동센터,다솔 지역아동센터,"37.61408, 127.04825",37.61408,127.04825
351,지역아동센터,장위지역아동센터밀알학교,"37.61546, 127.05107",37.61546,127.05107
352,지역아동센터,무학지역아동센터,"37.56282, 127.02794",37.56282,127.02794
353,지역아동센터,중동지역아동센터,"37.54766, 127.04321",37.54766,127.04321
354,지역아동센터,성동좋은이웃지역아동센터,"37.56191, 127.05509",37.56191,127.05509
355,지역아동센터,지역아동센터 도깨비방망이 공부방,"37.53789, 127.05124",37.53789,127.05124
356,지역아동센터,숲지역아동센터,"37.55932, 127.03217",37.55932,127.03217
357,지역아동센터,구립 방배동 지역아동센터,"37.4865, 126.98881",37.4865,126.98881
358,지역아동센터,구립 우면동 지역아동센터(우면행복한꿈터),"37.46942, 127.02552",37.46942,127.02552
359,지역아동센터,우면지역아동센터,"37.46537385604682, 127.02141005366944",37.46537385604682,127.02141005366944
360,지역아동센터,여의칸지역아동센터,"37.48635, 126.98823",37.48635,126.98823
361,지역아동센터,큰사랑공부방,"37.48256, 126.99501",37.48256,126.99501
362,지역아동센터,새로핌지역아동센터,"37.57723, 126.9246",37.57723,126.9246
363,지역아동센터,구립가재울지역아동센터,"37.57817, 126.90905",37.57817,126.90905
364,지역아동센터,청소년1318해피존나무를심는학교,"37.56389, 126.95786",37.56389,126.95786
365,지역아동센터,다락지역아동센터,"37.57296, 126.95448",37.57296,126.95448
366,지역아동센터,행복무지개공부방지역아동센터,"37.55785, 126.91528",37.55785,126.91528
367,지역아동센터,시냇가에심은나무지역아동센터,"37.54113, 126.95136",37.54113,126.95136
368,지역아동센터,성산행복한홈스쿨지역아동센터,"37.55062, 126.9082",37.55062,126.9082
369,지역아동센터,지역아동센터 나눔공부방,"37.55012, 126.94491",37.55012,126.94491
370,지역아동센터,옹달샘 지역아동센터,"37.55282, 126.9098",37.55282,126.9098
371,지역아동센터,구립한내지혜의숲지역아동센터,"37.62359, 127.06878",37.62359,127.06878
372,지역아동센터,구립하계지역아동센터,"37.64345, 127.07335",37.64345,127.07335
373,지역아동센터,구립수락지역아동센터,"37.67464, 127.05958",37.67464,127.05958
374,지역아동센터,구립꿈나무지역아동센터,"37.6327, 127.06123",37.6327,127.06123
375,지역아동센터,구립노원1지역아동센터,"37.6327, 127.06123",37.6327,127.06123
376,지역아동센터,구립공릉행복지역아동센터,"37.62206, 127.07281",37.62206,127.07281
377,지역아동센터,공립불암골지역아동센터,"37.65075, 127.08272",37.65075,127.08272
378,지역아동센터,구립초안산숲속지역아동센터,"37.63203, 127.04448",37.63203,127.04448
379,지역아동센터,구립공릉지역아동센터,"37.63026, 127.07037",37.63026,127.07037
380,지역아동센터,구립월계지역아동센터,"37.62725, 127.05287",37.62725,127.05287
381,지역아동센터,구립상계숲속지역아동센터,"37.66944, 127.05044",37.66944,127.05044
382,지역아동센터,구립상계3.4동지역아동센터,"37.67293, 127.08323",37.67293,127.08323
383,지역아동센터,구립상계1동지역아동센터,"37.67991, 127.05495",37.67991,127.05495
384,지역아동센터,신나는지역아동센터,"37.64811, 127.08242",37.64811,127.08242
385,지역아동센터,열림지역아동센터,"37.67192, 127.0513",37.67192,127.0513
386,지역아동센터,마음터지역아동센터,"37.67209, 127.0826",37.67209,127.0826
387,지역아동센터,금빛지역아동센터,"37.65792, 127.07141",37.65792,127.07141
388,지역아동센터,태릉지역아동센터,"37.61907, 127.07612",37.61907,127.07612
389,지역아동센터,함께하는사랑밭독산지역아동센터,"37.48050868124752, 126.90895312947151",37.48050868124752,126.90895312947151
390,지역아동센터,CLC희망학교지역아동센터,"37.46099, 126.89851",37.46099,126.89851
391,지역아동센터,신광지역아동센터,"37.45738, 126.88658",37.45738,126.88658
392,지역아동센터,살구지역아동센터,"37.47514, 126.90026",37.47514,126.90026
393,지역아동센터,비전지역아동센터,"37.45301, 126.90951",37.45301,126.90951
394,지역아동센터,전진상지역아동센터,"37.45258, 126.91074",37.45258,126.91074
395,지역아동센터,성원미디어스쿨지역아동센터,"37.46864, 126.90412",37.46864,126.90412
396,지역아동센터,한사랑지역아동센터,"37.4499, 126.90032",37.4499,126.90032
397,지역아동센터,금강지역아동센터,"37.50078, 126.85562",37.50078,126.85562
398,지역아동센터,하모니지역아동센터,"37.48872, 126.85432",37.48872,126.85432
399,지역아동센터,강남지역아동센터,"37.4783, 127.04975",37.4783,127.04975
400,지역아동센터,LH 행복꿈터 열린마음 지역아동센터,"37.470747073538384, 127.09135875752855",37.470747073538384,127.09135875752855
