중점_위도,중점_경도,경사각,최근접_시설의_평균거리,시점_위도,시점_경도,종점_위도,종점_경도,길이,열선여부,행정동,주소,도로명_여부
37.6174370630214,127.04552998013553,2.1885579446208583,195.57162912399272,37.6171741444527,127.045089493418,37.6176999815901,127.045970466853,256,1,장위동,성북구 장위동 219-131,0
37.5261878264237,126.9965161305455,0.2731527128533315,299.64154950221064,37.5260302095999,126.99697368869,37.5263454432475,126.996058572401,110,1,동빙고동,용산구 동빙고동 1-2,0
37.5599768462789,127.0187343805265,0.8895427996148317,146.99557170376266,37.5599713242202,127.018046356659,37.5599823683376,127.019422404394,305,1,신당동,중구 신당동 852-2,0
37.5642720859959,127.024152002105,6.967619521335446,72.80052117493925,37.5652019304225,127.023852244339,37.5633422415693,127.024451759871,105,1,신당동,중구 신당동 170-34,0
37.5492893234713,127.01196592188752,5.23418069566677,151.91804282377694,37.5503044782966,127.012857760279,37.548274168646,127.011074083496,155,1,신당동,중구 신당동 844-8,0
37.558516051986246,126.94200374722352,1.222175850045653,295.044006665853,37.5585237234143,126.941479840385,37.5585083805582,126.942527654062,135,1,대현동,서대문구 대현동 110-67,0
37.5568451372008,127.019986222358,0.745088299837944,150.31062781666515,37.5566327168392,127.020046601326,37.5570575575624,127.01992584339,30,1,금호동1가,성동구 금호동1가 1813,0
37.51009194750835,126.9591275783405,11.008171549021723,115.67218968632824,37.5094733119223,126.960021952852,37.5107105830944,126.958233203829,70,1,흑석동,동작구 흑석동 341-11,0
37.540659327679606,127.0128538410465,7.206273605405873,0.0,37.5408516354883,127.012951410224,37.5404670198709,127.012756271869,30,1,옥수동,성동구 옥수동 204-7,0
37.58772509634165,127.090087167444,0.1277434631391238,178.12017836837674,37.5873651888855,127.090154100874,37.5880850037978,127.090020234014,323,1,면목동,중랑구 면목동 1175-1,0
37.5591221765075,127.0926932400485,12.520780781391228,151.75466676238383,37.559341957888,127.092886765247,37.558902395127,127.09249971485,270,1,중곡동,광진구 중곡동 438-2,0
37.58741780228115,126.932428417178,12.12066774484856,302.43207515103575,37.5873546445981,126.932038255594,37.5874809599642,126.932818578762,50,1,홍은동,서대문구 홍은동 265-44,0
37.473801686325345,126.9748274734355,4.8952036723674475,191.03358098016457,37.4743022250306,126.976014331967,37.4733011476201,126.973640614904,85,1,남현동,관악구 남현동 1120,0
37.5362447310251,126.95355199298852,4.117316836062974,147.57714346819978,37.5370842586612,126.953832975359,37.535405203389,126.953271010618,435,1,산천동,용산구 산천동 207,0
37.5681496657589,127.0852767874535,0.8888981041793206,117.91630176484507,37.5680342564331,127.085203080729,37.5682650750847,127.085350494178,100,1,중곡동,광진구 중곡동 265-1,0
37.48477490542995,126.946240249528,6.588378920178711,65.1598570378681,37.4846673504229,126.946395058313,37.484882460437,126.946085440743,60,1,봉천동,관악구 봉천동 975-11,0
37.519593494089,127.026262089162,1.668615470808123,232.5495527925507,37.5195029758336,127.026318277671,37.5196840123444,127.026205900653,70,1,신사동,강남구 신사동 563-36,0
37.55629302063,127.0948242641615,7.430340365652378,246.1333806200284,37.5561336396539,127.094985788703,37.5564524016061,127.09466273962,30,1,중곡동,광진구 중곡동 104-62,0
37.59077512827865,126.934025956078,5.577177322768887,154.39492178947802,37.5906499036778,126.933888552652,37.5909003528795,126.934163359504,30,1,홍은동,서대문구 홍은동 466-2,0
37.5358279768652,126.951994934352,1.9042046962908752,143.26889882126713,37.535532699832,126.953056072037,37.5361232538984,126.950933796667,345,1,산천동,용산구 산천동 201,0
37.549601353864745,126.947995134654,5.118599800233949,71.53344504746585,37.5490468747023,126.947882129056,37.5501558330272,126.948108140252,105,1,염리동,마포구 염리동 45-87,0
37.53438203569255,127.0762925647325,1.0856253618858878,206.94904579739833,37.5342900647094,127.076259773151,37.5344740066757,127.076325356314,100,1,자양동,광진구 자양동 712-1,0
37.52339947142505,127.054061441135,3.528110809870899,279.63181134803267,37.5234029603445,127.053525514351,37.5233959825056,127.054597367919,120,1,청담동,강남구 청담동 77-23,0
37.6055598449622,127.0900859707295,5.029815080789047,206.95353053290256,37.6058186173408,127.091609767692,37.6053010725836,127.088562173767,250,1,상봉동,중랑구 상봉동 13-1,0
37.5439775082486,126.933233709455,0.2961814931263724,152.3981328251666,37.5438862636212,126.933599454435,37.544068752876,126.932867964475,45,1,현석동,마포구 현석동 221,0
37.6208748650818,127.062049179862,6.6721007655027025,130.7791693568062,37.6210199669672,127.061539234623,37.6207297631964,127.062559125101,352,1,월계동,노원구 월계동 428-3,0
37.51558328425355,127.029420385948,1.7738656423197257,246.2717744735441,37.5155562421702,127.029649316304,37.5156103263369,127.029191455592,60,1,논현동,강남구 논현동 279-77,0
37.549857497174855,127.110581903563,6.17368192482629,185.86561978329144,37.5502913480309,127.111233695078,37.5494236463188,127.109930112048,140,1,광장동,광진구 광장동 556,0
37.549768778662354,127.0314167465505,8.293477709356798,136.18222273007854,37.549909958908,127.031101472181,37.5496275984167,127.03173202092,320,1,응봉동,성동구 응봉동 205-31,0
37.552536742098795,126.93628135428,4.632078897661068,258.8465972174515,37.5521798182983,126.936126503535,37.5528936658993,126.936436205025,75,1,노고산동,마포구 노고산동 117-31,0
37.559940968888554,126.928139548001,0.9733948484543852,238.04575306849048,37.5608814112071,126.928183803671,37.55900052657,126.928095292331,455,1,창천동,서대문구 창천동 375,0
37.595411573894495,127.0973722724095,1.8466621188007368,159.39969034159537,37.5955927717396,127.097416556471,37.5952303760494,127.097327988348,170,1,망우동,중랑구 망우동 534-48,0
37.58204359551205,126.922392143758,2.7418355795700995,201.54337138708823,37.5816191892695,126.920894825255,37.5824680017546,126.923889462261,400,1,남가좌동,서대문구 남가좌동 5-26,0
37.50340114364585,127.0347873232585,0.3745497928820449,164.29071935521134,37.5033220002485,127.034447606469,37.5034802870432,127.035127040048,100,1,역삼동,강남구 역삼동 800-39,0
37.596762773438,127.0973926040385,0.3232150937422211,84.33330753045209,37.5964051822607,127.09732329056,37.5971203646153,127.097461917517,60,1,망우동,중랑구 망우동 534-49,0
37.6020759463294,127.0889049337215,3.086629734768384,143.94025019706382,37.6019872038371,127.088718824976,37.6021646888217,127.089091042467,45,1,상봉동,중랑구 상봉동 237-12,0
37.57836050494885,127.0926266812905,9.927323216321865,282.3969254447406,37.5792046979236,127.092158706338,37.5775163119741,127.093094656243,200,1,면목동,중랑구 면목동 527-269,0
37.50160691290765,126.94780101047,10.827807677707204,181.0153480415328,37.5022455857879,126.947687586913,37.5009682400274,126.947914434027,130,1,상도동,동작구 상도동 159-11,0
37.53417763941965,126.9999851694595,5.669401306891827,166.92153018405787,37.5335715362552,127.001102439027,37.5347837425841,126.998867899892,470,1,한남동,용산구 한남동 732-240,0
37.57328329194735,127.0609362513845,3.34416577201552,162.88113075724695,37.5735347545493,127.06085874425,37.5730318293454,127.061013758519,15,1,답십리동,동대문구 답십리동 75-52,0
37.584188784179545,127.0316532807495,0.94078723648657,134.35205117790795,37.5843373803526,127.031401775824,37.5840401880065,127.031904785675,90,1,제기동,동대문구 제기동 147-1,0
37.473943998282095,126.965055289405,4.366576826031076,73.1991048706357,37.4739651318312,126.965376399071,37.473922864733,126.964734179739,285,1,봉천동,관악구 봉천동 196-44,0
37.5563137148706,126.977440610471,5.474918832542787,221.1039770976088,37.5563235808747,126.977912602445,37.5563038488665,126.976968618497,128,1,남창동,중구 남창동 205-47,0
37.56331218906895,127.009944343135,1.0205018032937143,275.07629568041546,37.5633809525712,127.009736883703,37.5632434255667,127.010151802567,67,1,광희동2가,중구 광희동2가 105-7,0
37.5782385005418,127.06363407314,1.0821960810964728,177.6565260763983,37.5780669496403,127.062216395337,37.5784100514433,127.065051750943,150,1,전농동,동대문구 전농동 3-122,0
37.54223883820885,127.0834953132825,1.6644289260988077,136.89740697060074,37.5422426026657,127.083778087725,37.542235073752,127.08321253884,55,1,구의동,광진구 구의동 251-41,0
37.5537574186897,127.097115419063,0.7591915814063547,188.62699864744528,37.5540171153721,127.09707993751,37.5534977220073,127.097150900616,70,1,구의동,광진구 구의동 662-1,0
37.5616098257624,127.020563934495,4.3978486764589055,152.04479743311995,37.5618070623454,127.020515659702,37.5614125891794,127.020612209288,42,1,신당동,중구 신당동 61-9,0
37.5621706117047,127.022505582396,3.1807092963511567,146.16666203784706,37.5621658198618,127.022119794906,37.5621754035476,127.022891369886,100,1,신당동,중구 신당동 80-714,0
37.4958784647165,126.9298999405355,1.756967087184991,143.16958756604294,37.4959257252691,126.930208274749,37.4958312041639,126.929591606322,175,1,상도동,동작구 상도동 299-189,0
37.51146381770795,126.94293060755852,1.4411548675026216,165.81413276204597,37.5117284395824,126.942924241754,37.5111991958335,126.942936973363,385,1,노량진동,동작구 노량진동 84-27,0
37.5539462191997,127.005276036534,3.845370243342558,159.33691719991435,37.5541889879484,127.005390809133,37.553703450451,127.005161263935,70,1,신당동,중구 신당동 432-1831,0
37.524563655452695,126.856441420798,0.1694334900550652,84.50860331770728,37.5248447165993,126.856176788194,37.5242825943061,126.856706053402,50,1,신정동,양천구 신정동 949-4,0
37.54588904067545,127.104611604166,0.5024217322422373,220.1274323949127,37.5460011335625,127.104754397546,37.5457769477884,127.104468810786,70,1,광장동,광진구 광장동 245-1,0
37.5049547529421,126.952890030663,1.900649393808659,168.67283985899851,37.504770970912,126.952044123402,37.5051385349722,126.953735937924,220,1,상도1동,동작구 상도1동 495-1,0
37.474932350435395,126.9419227860205,10.936421423553096,209.17984522715273,37.4749068155823,126.940749101742,37.4749578852885,126.943096470299,480,1,신림동,관악구 신림동 98-51,0
37.6467004572187,127.03991448954052,0.3652259321222187,202.76344134197956,37.6466813936931,127.039138407737,37.6467195207443,127.040690571344,200,1,창동,도봉구 창동 산 107-223,0
37.64311005233295,127.039202366115,1.4103581834510637,45.2272560623483,37.6425124820806,127.03904421653,37.6437076225853,127.0393605157,125,1,창동,도봉구 창동 596-22,0
37.6884696241763,127.0424161547935,1.4854259428239798,346.70737928856977,37.6880579973954,127.042083050817,37.6888812509572,127.04274925877,110,1,도봉동,도봉구 도봉동 282-16,0
37.557879969482,126.9841126584995,7.5781964180579235,163.41539003389062,37.5584656791715,126.983899874492,37.5572942597925,126.984325442507,140,1,남산동1가,중구 남산동1가 15-2,0
37.602581493321395,127.113068501754,3.0748219341174945,450.1784406127284,37.6004678960039,127.112843796305,37.6046950906389,127.113293207203,230,1,망우동,중랑구 망우동 산 47,0
37.5983607277188,127.05532547089352,4.50913414615301,235.15544513217196,37.5982483917311,127.054326908898,37.5984730637065,127.056324032889,230,1,이문동,동대문구 이문동 264-204,0
37.55342824596395,127.013183431562,9.77699193537408,239.1329282375923,37.553809583223,127.012467130706,37.5530469087049,127.013899732418,150,1,신당동,중구 신당동 349-202,0
37.64898288126445,127.019769978905,0.5198515802864955,209.0786679596697,37.6492704434076,127.019690507903,37.6486953191213,127.019849449907,26,1,쌍문동,도봉구 쌍문동 414-294,0
37.5370412106454,126.869487785893,0.1099395349601277,135.9061387330949,37.5367923356947,126.869185442389,37.5372900855961,126.869790129397,85,1,목동,양천구 목동 847,0
37.6227175330825,127.031922724347,10.689512230533094,167.55537321398958,37.6228595616596,127.032133873521,37.6225755045054,127.031711575173,20,1,미아동,강북구 미아동 258-445,0
37.58886643804545,127.05712951413348,0.0899891446874499,217.4501077891166,37.5888074156773,127.057423964452,37.5889254604136,127.056835063815,40,1,휘경동,동대문구 휘경동 319-53,0
37.6166959090079,127.0086218724145,3.307969766370479,135.705267484492,37.616442424527,127.009121176859,37.6169493934888,127.00812256797,300,1,정릉동,성북구 정릉동 239-23,0
37.649615245598895,127.030332963733,0.6255394374177718,182.9327730906194,37.6495855676262,127.030121107218,37.6496449235716,127.030544820248,20,1,쌍문동,도봉구 쌍문동 128-8,0
37.4941266456141,126.936865315157,16.77962804971295,227.5385866150712,37.4943458635665,126.936533690956,37.4939074276617,126.937196939358,320,1,상도동,동작구 상도동 283-60,0
37.53855608268215,126.8697516084885,2.267934017741194,99.55103771187314,37.5382268535506,126.869543876144,37.5388853118137,126.869959340833,360,1,목동,양천구 목동 837,0
37.5492607652357,127.0882150102585,1.031811357044398,164.0010776848534,37.5492681737865,127.088428955474,37.5492533566849,127.088001065043,40,1,구의동,광진구 구의동 77-50,0
37.469260668882555,126.968217245665,4.241862256218271,233.65909408839295,37.468537254771,126.969249919814,37.4699840829941,126.967184571516,330,1,봉천동,관악구 봉천동 180-260,0
37.4768992064964,126.9326549012855,11.046229040726663,116.27651193515104,37.477683546969,126.932991609453,37.4761148660238,126.932318193118,235,1,신림동,관악구 신림동 409-2,0
37.4741747216537,126.9383271152205,7.466038772278025,192.5189587189471,37.4738483183768,126.938648560407,37.4745011249306,126.938005670034,285,1,신림동,관악구 신림동 산 149-52,0
37.487548453359054,126.9414484712905,5.6116541937231155,151.70199369246842,37.486945651809,126.941120753672,37.4881512549091,126.941776188909,157,1,봉천동,관악구 봉천동 635-383,0
37.50972405852945,126.94470987386,9.4908052616497,104.75227002352496,37.5105066735435,126.944618926287,37.5089414435154,126.944800821433,72,1,노량진동,동작구 노량진동 221-138,0
37.5429620832256,126.941674925987,0.5285728434171391,139.82898697311742,37.5426857385047,126.940107782151,37.5432384279465,126.943242069823,197,1,용강동,마포구 용강동 335-16,0
37.491096081763345,126.96351522989453,6.125867543897519,121.30168139637968,37.4902744845785,126.963617228474,37.4919176789482,126.963413231315,120,1,사당동,동작구 사당동 708-537,0
37.47833894406055,127.0042391283915,2.8035246272360417,296.25626450226594,37.4781929040213,127.003860322761,37.4784849840998,127.004617934022,85,1,방배동,서초구 방배동 1036-4,0
37.5563871335287,127.0311233933845,3.7465070250200663,230.10261958915584,37.557200803801,127.030175893046,37.5555734632564,127.032070893723,240,1,행당동,성동구 행당동 346-9,0
37.556221160392894,127.0336342805015,1.6860261571177555,123.95405330909888,37.5563934779062,127.033311867144,37.5560488428796,127.033956693859,80,1,행당동,성동구 행당동 376-4,0
37.49287250938825,126.93715624944,0.1817965966171699,273.4778922133168,37.4930073902976,126.937156532205,37.4927376284789,126.937155966675,190,1,상도동,동작구 상도동 산 77-14,0
37.6466280437582,127.03984550097,0.5374671654702581,158.48894967007783,37.6464866260691,127.039603335284,37.6467694614473,127.040087666656,150,1,창동,도봉구 창동 산 107-223,0
37.54724417225505,126.960062216873,6.32550033303485,80.83716796148103,37.5473557182361,126.959403107996,37.547132626274,126.96072132575,260,1,공덕동,마포구 공덕동 111-363,0
37.60759967328565,127.0276093312935,6.601814590770603,117.82878283428184,37.607422157428,127.02808379293,37.6077771891433,127.027134869657,250,1,길음동,성북구 길음동 1289-8,0
37.5544039644149,126.9449631491795,8.05860887943313,115.07034904242948,37.5545466515131,126.944316890039,37.5542612773167,126.94560940832,130,1,대흥동,마포구 대흥동 13-128,0
37.4937594751172,126.948653212882,2.7629332703208034,220.8744841391126,37.4927662360841,126.949035651603,37.4947527141503,126.948270774161,160,1,,,False
37.65246973001305,127.02368663563352,8.87608802208147,227.30811764289632,37.6519659309551,127.023534682887,37.652973529071,127.02383858838,160,1,쌍문동,도봉구 쌍문동 460-17,0
37.5537293037007,127.018044399627,14.896704417805706,69.08777979560301,37.5535724161474,127.01761069145,37.553886191254,127.018478107804,229,1,금호동2가,성동구 금호동2가 1-2,0
37.5496901163409,127.0223300481665,8.2518017436581,182.45116442315057,37.5493118917489,127.021776503605,37.5500683409329,127.022883592728,160,1,금호동3가,성동구 금호동3가 702,0
37.507964118279205,126.9216100560175,0.2101473455715825,147.87807153933358,37.5080864714089,126.922216039586,37.5078417651495,126.921004072449,100,1,신길동,영등포구 신길동 458-4,0
37.5920436084317,127.0071047386445,7.082448841325491,137.2728693721921,37.5899806287616,127.005993938302,37.5941065881018,127.008215538987,185,1,성북동,성북구 성북동 168-276,0
37.5059309119782,127.030493579002,0.0295569615422354,238.96627968391937,37.5060497681124,127.030615604146,37.505812055844,127.030371553858,55,1,역삼동,강남구 역삼동 604-12,0
37.5461118618304,126.973198459515,4.6216496767228765,158.02664540007564,37.5457516455738,126.973212393906,37.546472078087,126.973184525124,90,1,갈월동,용산구 갈월동 34-4,0
37.600372245926195,127.0317287622545,3.3499304328220156,113.52462484055177,37.6001000928042,127.031259034718,37.6006443990482,127.032198489791,95,1,종암동,성북구 종암동 79-471,0
37.648224501741495,127.028840902756,3.3880687387250137,222.8231677277926,37.6481775782946,127.028768137033,37.6482714251884,127.028913668479,63,1,쌍문동,도봉구 쌍문동 315-361,0
37.4980532899293,126.9365532279095,8.566146734317426,221.45320218299275,37.4979556007427,126.93609638388,37.4981509791159,126.937010071939,320,1,상도동,동작구 상도동 244-300,0
37.61341051900145,126.977763022816,5.044559044910811,642.3497041009762,37.6115743281972,126.97860912062,37.6152467098057,126.976916925012,150,1,평창동,종로구 평창동 463,0
37.5534578891062,127.020981103895,2.3168451055034,118.94976667161448,37.5532352564893,127.020958746923,37.5536805217231,127.021003460867,30,1,금호동2가,성동구 금호동2가 1214,0
37.57677449738645,127.006820359603,9.467531923640276,177.27638216118115,37.5763258807211,127.006240762469,37.5772231140518,127.007399956737,175,1,이화동,종로구 이화동 9-5,0
37.61916148591905,127.006100376908,5.189649089652688,184.0628457084011,37.6204097542099,127.006204573905,37.6179132176282,127.005996179911,32,1,정릉동,성북구 정릉동 239-18,0
37.4934635014397,127.14766725965252,0.0127518828837213,153.1881167337662,37.4932374199839,127.1478986844,37.4936895828955,127.147435834905,70,1,거여동,송파구 거여동 697-8,0
37.552775337040345,127.096280485913,7.57454613017496,192.5283645797985,37.5525119833017,127.095552581844,37.553038690779,127.097008389982,150,1,구의동,광진구 구의동 15-1,0
37.563498566209645,127.028833564352,5.7224274478996815,116.69547494696896,37.563106897438,127.028487744782,37.5638902349813,127.029179383922,220,1,하왕십리동,성동구 하왕십리동 890-406,0
37.47223548503905,126.90048914196,0.2951837887782342,158.25609407381577,37.4725054519002,126.900517950373,37.4719655181779,126.900460333547,150,1,독산동,금천구 독산동 160-6,0
37.60831595516175,126.97123566934452,15.8631004418161,273.0092704781784,37.6077545125345,126.971457409234,37.608877397789,126.971013929455,200,1,평창동,종로구 평창동 산 6-6,0
37.5531883542896,127.096336075892,5.566320351591077,192.44586925412935,37.5527503139429,127.095643195175,37.5536263946363,127.097028956609,40,1,구의동,광진구 구의동 15-1,0
37.63404550354775,127.0285266438215,0.5998682248048417,97.32775319674906,37.6340176960006,127.026899923535,37.6340733110949,127.030153364108,280,1,번동,강북구 번동 437-117,0
37.548219662024195,126.965106591237,0.8975238646929679,82.56463668442635,37.5480300702135,126.965185666987,37.5484092538349,126.965027515487,120,1,청파동1가,용산구 청파동1가 89-72,0
37.57017642972245,127.0854972829015,5.04051835926037,184.5279978902635,37.570118234933,127.085110936364,37.5702346245119,127.085883629439,55,1,중곡동,광진구 중곡동 546,0
37.6266014199756,127.010702922806,12.734163240873425,273.1657080279283,37.6273355335243,127.011314859585,37.6258673064269,127.010090986027,105,1,수유동,강북구 수유동 486-1176,0
37.51916421043505,127.048795542334,3.402048843363184,250.48150405849873,37.5188741852518,127.049758274934,37.5194542356183,127.047832809734,50,1,청담동,강남구 청담동 46-10,0
37.6502602511569,127.030013671835,0.6337870693176312,165.48387856671246,37.6502536076527,127.029920239231,37.6502668946611,127.030107104439,120,1,쌍문동,도봉구 쌍문동 139-33,0
37.556410322454354,126.962050105902,4.222614889679715,195.87199546934676,37.5568078213776,126.961563818515,37.5560128235311,126.962536393289,110,1,아현동,마포구 아현동 731,0
37.61255967578885,127.0383671123015,12.273235358867671,176.90313372500083,37.6129153168771,127.038026043097,37.6122040347006,127.038708181506,100,1,장위동,성북구 장위동 231-170,0
37.65179885829185,127.032238523305,5.2550159349768775,144.03364280463197,37.6512847538218,127.032416722478,37.6523129627619,127.032060324132,225,1,쌍문동,도봉구 쌍문동 137-53,0
37.497546144454546,127.01814001580148,0.9482531830182814,171.5634711543538,37.4963601653172,127.0206782251,37.4987321235919,127.015601806503,420,1,서초동,서초구 서초동 1686-10,0
37.50613480313704,127.027774537111,5.468370945058148,197.5266453860748,37.5059164529797,127.028313428889,37.5063531532944,127.027235645333,100,1,논현동,강남구 논현동 279-194,0
37.50359556547195,126.85608116498,2.3533738371915356,69.62352301322046,37.5022332346246,126.856182625001,37.5049578963193,126.855979704959,260,1,고척동,구로구 고척동 308-1,0
37.56934897126905,127.08743818454452,10.401149866815372,271.4709542293037,37.5694441209076,127.086337197682,37.5692538216305,127.088539171407,60,1,중곡동,광진구 중곡동 316-1,0
37.5017171578127,127.026867203797,5.848471157425623,318.15833266811507,37.5016428104731,127.026336096148,37.5017915051523,127.027398311446,130,1,역삼동,강남구 역삼동 619-31,0
37.53783281955265,126.84479039416853,1.5252496074603168,151.8629240695015,37.5386200099459,126.844506405165,37.5370456291594,126.845074383172,150,1,화곡동,강서구 화곡동 산 164-3,0
37.489981174175696,126.8517384917035,8.432937276255148,104.33336986386868,37.4899625347255,126.850814201729,37.4899998136259,126.852662781678,100,1,개봉동,구로구 개봉동 375-13,0
37.50533389677415,126.853825607815,0.8193669167160181,121.7797216043039,37.5058423718922,126.854256988435,37.5048254216561,126.853394227195,125,1,고척동,구로구 고척동 산 21-7,0
37.4820190213753,126.9701326708705,5.164697442415614,159.9051281633098,37.4818772633173,126.970372928603,37.4821607794333,126.969892413138,70,1,사당동,동작구 사당동 278-31,0
37.4976109626625,126.936596404309,8.247076536560938,210.28805965736385,37.4976402116746,126.935862112179,37.4975817136504,126.937330696439,130,1,상도동,동작구 상도동 259-4,0
37.53886797985475,126.825738228987,6.753198960549701,168.60544296721946,37.5389857693153,126.825818855801,37.5387501903942,126.825657602173,210,1,신월동,양천구 신월동 260,0
37.4805753231579,126.974111386222,1.264805499899606,73.63092589867348,37.4805207231933,126.975144833072,37.4806299231225,126.973077939372,240,1,사당동,동작구 사당동 316-42,0
37.61350790445685,127.03881516617348,4.887016230406236,182.2378776543243,37.6126874966274,127.037620682673,37.6143283122863,127.040009649674,343,1,장위동,성북구 장위동 231-170,0
37.5533316416507,126.8667202746575,1.5776993298405573,125.45091954014192,37.5527475612581,126.866113761234,37.5539157220433,126.867326788081,100,1,염창동,강서구 염창동 284-21,0
37.504137500600905,127.0287044719375,4.671067323221697,275.8267712429327,37.5034979062143,127.027841927694,37.5047770949875,127.029567016181,260,1,역삼동,강남구 역삼동 800-20,0
37.5484476052291,126.842432091513,5.920674190518634,190.79317694918785,37.5480598853556,126.842214164232,37.5488353251026,126.842650018794,100,1,화곡동,강서구 화곡동 77-101,0
37.54980799711445,127.027697139422,5.291171111840717,148.15334746860873,37.549184059845,127.028831668862,37.5504319343839,127.026562609982,80,1,금호동1가,성동구 금호동1가 1453,0
37.496093837540656,126.9368276961165,8.393344953323044,148.87681741139437,37.4965249703864,126.936240202321,37.4956627046949,126.937415189912,72,1,상도동,동작구 상도동 279-118,0
37.55831061505625,126.963618920256,7.734170665982345,160.4567967744953,37.5589328823815,126.963744471295,37.557688347731,126.963493369217,170,1,중림동,중구 중림동 396-20,0
37.59808482220665,127.0154400459945,15.055484215703352,163.2905972305588,37.5978497836959,127.015210181095,37.5983198607174,127.015669910894,90,1,돈암동,성북구 돈암동 413-59,0
37.45401595830885,126.9135449903395,0.1728099208436447,246.29214791500857,37.4529169509952,126.916628488878,37.4551149656225,126.910461491801,620,1,시흥동,금천구 시흥동 218-10,0
37.4786530602425,126.976006830823,0.5911576111282121,223.1853628001948,37.4782261328386,126.976972477872,37.4790799876464,126.975041183774,175,1,사당동,동작구 사당동 419-158,0
37.5001674190807,126.8564508206295,3.427505103241837,153.75929865668564,37.500268243892,126.855822470425,37.5000665942694,126.857079170834,209,1,고척동,구로구 고척동 98-79,0
37.65362425990875,127.0229449711975,8.741283360304301,297.0570499478994,37.6530290227222,127.022497335373,37.6542194970953,127.023392607022,335,1,쌍문동,도봉구 쌍문동 460-17,0
37.604417429787105,127.008876406103,9.349387177917018,220.658476281431,37.6050599739523,127.010033928585,37.6037748856219,127.007718883621,80,1,정릉동,성북구 정릉동 435-2,0
37.51176749708205,126.9071076621025,0.32371433509044,162.07066286537233,37.5126935627082,126.908958194585,37.5108414314559,126.90525712962,580,1,도림동,영등포구 도림동 23-1,0
37.47982501827845,126.988796221153,5.104940695223786,224.80714145852707,37.4789324883088,126.989374143499,37.4807175482481,126.988218298807,420,1,방배동,서초구 방배동 산 75-6,0
37.4848632002368,126.9975871013435,10.126183082445069,146.1155478789613,37.4844390832049,126.996981924928,37.4852873172687,126.998192277759,137,1,방배동,서초구 방배동 169-18,0
37.56827477135935,127.088024003666,9.998649057347768,243.74783902982216,37.5683099321624,127.086604834602,37.5682396105563,127.08944317273,30,1,중곡동,광진구 중곡동 176-119,0
37.51136819684605,127.019454308149,1.66889666854244,229.46468715214132,37.5112726677744,127.019318046251,37.5114637259177,127.019590570047,70,1,잠원동,서초구 잠원동 97,0
37.514710932529994,127.0207159771605,7.8270706168950435,310.33761060203017,37.5145397044143,127.020415391742,37.5148821606457,127.021016562579,70,1,논현동,강남구 논현동 279-93,0
37.60527389197125,127.051450854643,12.723787859241003,269.88522353418557,37.605469794873,127.051180664705,37.6050779890695,127.051721044581,140,1,상월곡동,성북구 상월곡동 24-349,0
37.50104452912455,126.8848200877035,0.1868987599145522,127.28516178357695,37.5008478578996,126.884053349169,37.5012412003495,126.885586826238,180,1,구로동,구로구 구로동 551-230,0
37.6002198972053,127.023398681956,4.426196376274178,179.0333471354557,37.5989927554427,127.023132747169,37.6014470389679,127.023664616743,170,1,돈암동,성북구 돈암동 15-10,0
37.47511847724315,126.905860042055,2.7788683815194015,218.56455624649635,37.4761326486694,126.905910321726,37.4741043058169,126.905809762384,70,1,독산동,금천구 독산로54길 288 (독산동),1
37.47092259643395,126.9065249253995,8.020566073718138,189.3126201840797,37.4705381901964,126.906594248951,37.4713070026715,126.906455601848,320,1,독산동,금천구 독산로80가길 29,1
37.524772815838304,126.857329634119,0.4933696105510677,76.85388344075379,37.5246556069168,126.856555899543,37.5248900247598,126.858103368695,50,1,신정동,양천구 은행정로13길 16-1,1
37.47092259643395,126.9065249253995,8.020566073718138,189.3126201840797,37.4705381901964,126.906594248951,37.4713070026715,126.906455601848,85,1,독산동,금천구 독산로80가길 29,1
37.51988657099895,126.84830922201,1.7840384132147205,135.49662485788753,37.5212277273529,126.848039884276,37.518545414645,126.848578559744,122,1,신월동,"양천구 중앙로29길 61 (신월동, 신정뉴타운롯데캐슬)",1
37.5461327567211,126.878979851941,1.1327070466092015,238.79261233549573,37.5463896607494,126.877909572876,37.5458758526928,126.880050131006,70,1,목동,양천구 목동중앙북로24길 1-16,1
37.53763973149845,126.8265602665785,11.458182443603771,103.79677115020786,37.5377164258063,126.826726753453,37.5375630371906,126.826393779704,380,1,신월동,양천구 남부순환로 326-1,1
37.50840488750645,126.850092729956,3.537470316118278,202.9840148630924,37.5092844391893,126.850121565218,37.5075253358236,126.850063894694,70,1,고척동,구로구 중앙로15길 162,1
37.51563138945405,126.8515585306875,5.127881774688401,153.1652720112457,37.5156645306556,126.851976191744,37.5155982482525,126.851140869631,100,1,신정동,양천구 중앙로25길 24-1,1
37.53389845874245,126.8290890824025,2.523216231751233,73.48445633267897,37.5341651647201,126.829095997621,37.5336317527648,126.829082167184,150,1,신월동,양천구 남부순환로 380 (신월동),1
37.59077558488565,126.9529612026385,9.649954203966123,487.4893833243344,37.5918307675351,126.952020925753,37.5897204022362,126.953901479524,100,1,홍제동,서대문구 문화촌길 113-5 (홍제동),1
37.53965456032659,126.8729160710725,8.88059177479175,242.6222797559688,37.5392779704815,126.872690863996,37.5400311501717,126.873141278149,50,1,목동,양천구 목동중앙본로2길 46-44 (목동),1
37.6541017229972,127.0358247152885,3.0824443760892675,224.11205039998464,37.6539542633494,127.036760408402,37.654249182645,127.034889022175,65,1,쌍문동,"도봉구 도봉로127길 31-3 (쌍문동, 효성하이츠빌라)",1
37.65534825879,127.029897352676,3.142058833982091,238.51528067472472,37.6553041083788,127.02866209455,37.6553924092012,127.031132610802,65,1,쌍문동,"도봉구 시루봉로2길 22 (쌍문동, 쌍문6차한양아파트)",1
37.6514027281601,127.02629914532052,4.159334538340484,157.08270322058098,37.6509185306662,127.026138628446,37.651886925654,127.026459662195,140,1,쌍문동,도봉구 노해로45길 38-10,1
37.6515284904283,127.0257544649635,3.7355203683991194,174.96686718204387,37.6511070413779,127.025613577212,37.6519499394787,127.025895352715,200,1,쌍문동,도봉구 우이천로32길 88,1
37.65151656908705,127.02439728812148,4.913476745538846,84.80659078121317,37.6523906923631,127.023793867181,37.650642445811,127.025000709062,290,1,쌍문동,도봉구 우이천로32길 67,1
37.65290297431535,127.0217816737285,8.78295466539093,240.08839726777535,37.6534416498799,127.021656837902,37.6523642987508,127.021906509555,640,1,쌍문동,도봉구 우이천로38나길 50,1
37.650655671607,127.026927510423,0.650138426685129,86.77239940252761,37.6504096418203,127.02699920834,37.6509017013937,127.026855812506,734,1,쌍문동,도봉구 노해로45길 26,1
37.65201046792725,127.03048709074,0.4734896559477655,146.430389218266,37.6518538495968,127.029896290923,37.6521670862577,127.031077890557,669,1,쌍문동,도봉구 노해로 201-23,1
37.65269330153835,127.03417476651548,5.909314486909449,116.77325023230084,37.6523922144276,127.035034223262,37.6529943886491,127.033315309769,300,1,쌍문동,도봉구 도봉로121길 44,1
37.65203583610085,127.022433742503,6.230445984392912,248.462219639662,37.6506806693686,127.022662410766,37.6533910028331,127.02220507424,120,1,쌍문동,"도봉구 우이천로38나길 28 (쌍문동, 대우그린빌리지)",1
37.6516864874729,127.0334374499765,7.245961522138181,80.40481528671383,37.6520254522198,127.033384568553,37.651347522726,127.0334903314,78,1,쌍문동,"도봉구 노해로57길 10-4 (쌍문동, 대영타운5차)",1
37.63563574540265,127.04285231028352,12.604507091302974,135.4048018866483,37.6356240704361,127.042996188052,37.6356474203692,127.042708432515,670,1,창동,도봉구 덕릉로60길 109-60,1
37.65123328068795,127.029785046451,4.875245065702306,154.3396958706322,37.6510476609516,127.029853360065,37.6514189004243,127.029716732837,80,1,쌍문동,도봉구 노해로49길 6,1
37.6482046146933,127.02946973072552,0.1817633181343964,168.82778326059946,37.6482414182203,127.029295978318,37.6481678111663,127.029643483133,124,1,쌍문동,도봉구 노해로44길 42,1
37.61633004118405,127.017599128867,2.907437396089041,135.87054827609322,37.6170464839465,127.015639860009,37.6156135984216,127.019558397725,200,1,미아동,강북구 삼양로19길 113,1
37.6182391766241,127.015565747906,6.1686436370807884,102.96094888750886,37.6194318693017,127.015491635803,37.6170464839465,127.015639860009,130,1,미아동,강북구 삼양로27길 95,1
37.6176501181972,127.03366849946848,4.805893757523165,64.06886723125713,37.616689463704,127.033899981641,37.6186107726904,127.033437017296,120,1,미아동,"강북구 오현로9길 25 (미아동, 우성그린맨션)",1
37.6348728438176,127.028342234228,0.2403471425473329,128.09372631338002,37.6349062971176,127.028605994684,37.6348393905176,127.028078473772,90,1,번동,강북구 도봉로 316-1 (번동),1
37.62481764673975,127.0300232028745,0.047516225491206,145.78992240148028,37.6255406414915,127.029677994408,37.624094651988,127.030368411341,160,1,미아동,강북구 도봉로46길 44,1
37.6268386273847,127.028667812587,1.006561706501662,126.52405251843422,37.6269304430716,127.028461222374,37.6267468116978,127.0288744028,150,1,미아동,강북구 도봉로 131-1 (미아동),1
37.62529916004025,127.01569738020252,5.422849220348099,204.74700073014816,37.6251645559503,127.014994851077,37.6254337641302,127.016399909328,290,1,미아동,강북구 솔매로 30-2 (미아동),1
37.6232470950613,127.0147548812235,8.837794708986946,152.51939217709784,37.6235250649081,127.013191613208,37.6229691252145,127.016318149239,150,1,미아동,강북구 인수봉로12길 35,1
37.6347413582454,127.043041563688,8.295048059379026,184.141264496516,37.634627025365,127.042788626642,37.6348556911258,127.043294500734,240,1,창동,도봉구 덕릉로60길 135-7 (창동),1
37.640579184349704,127.041064460821,1.4960133656476204,69.23046754424271,37.6401383338804,127.041319658355,37.641020034819,127.040809263287,420,1,창동,도봉구 덕릉로62길 13,1
37.651462507031894,127.03294293983647,4.484192006592826,113.23206723760173,37.65124888013,127.032795417576,37.6516761339338,127.033090462097,620,1,쌍문동,도봉구 노해로 223-5,1
37.65051335058055,127.03031378119248,3.2143755988910376,140.0100089151229,37.6507220617387,127.030144569739,37.6503046394224,127.030482992646,352,1,쌍문동,도봉구 노해로 198-6 (쌍문동),1
37.5076454930786,126.864854898925,1.8869763292668291,122.995960062958,37.5085599439894,126.864913193946,37.5067310421678,126.864796603904,100,1,신정동,양천구 목동남로2길 21-4 (신정동),1
37.523036759919805,126.8278800215665,6.879731995511072,253.784370355358,37.5238357586946,126.828368183732,37.522237761145,126.827391859401,70,1,신월동,양천구 지양로 139,1
37.544471167843554,126.867152798477,2.396854380427472,69.51745717919881,37.5442985231727,126.868502441725,37.5446438125144,126.865803155229,90,1,목동,양천구 목동중앙북로8길 111,1
37.53389659409185,126.868440319154,0.5344790383136658,156.67133472842778,37.533503515403,126.868788747607,37.5342896727807,126.868091890701,380,1,목동,양천구 목동중앙서로 37,1
37.538127262948905,126.870458675842,1.0104244497405823,159.51481389281685,37.5383710279499,126.870951066348,37.5378834979479,126.869966285336,85,1,목동,"양천구 목동중앙본로1길 11 (목동, 목4동현대아파트)",1
37.5588246327151,126.9407099914595,2.3728972817999083,322.53616404566696,37.558701233458,126.940784334301,37.5589480319722,126.940635648618,65,1,창천동,서대문구 신촌역로 41-6,1
37.5836819192681,126.926246800797,8.138797221176267,136.71944378539916,37.5835018401915,126.925933426565,37.5838619983447,126.926560175029,140,1,홍은동,"서대문구 가좌로 122-20 (홍은동, 동원빌라)",1
37.5640239864632,126.952175891524,13.77268297350501,160.82754105906596,37.5638746270498,126.951349783446,37.5641733458766,126.953001999602,411,1,북아현동,서대문구 북아현로19길 20-7 (북아현동),1
37.579014530057606,126.930220847069,6.787006323391453,95.97613820383916,37.5795484794099,126.92964564329,37.5784805807053,126.930796050848,180,1,홍은동,서대문구 명지길 19 (홍은동),1
37.577544685194,126.9373586082515,8.80353225118386,192.529347201976,37.5775360791539,126.936421829378,37.5775532912341,126.938295387125,120,1,연희동,서대문구 연희로36길 32 (연희동),1
37.60369044700805,126.949385268463,4.966757948683427,172.02623105514402,37.6051843890956,126.949934463872,37.6021965049205,126.948836073054,70,1,홍은동,서대문구 홍은중앙로 151,1
37.57728174146981,126.906284018342,0.9135663413081956,112.82143810014172,37.5775387561196,126.905894492772,37.57702472682,126.906673543912,80,1,북가좌동,서대문구 수색로8길 72 (북가좌동),1
37.558663741556,126.946124677797,10.611348201881269,291.9344832170786,37.5586536023804,126.945920737962,37.5586738807316,126.946328617632,70,1,대현동,서대문구 이화여대2다길 27 (대현동),1
37.569506597074195,126.925277570531,7.306690290736986,355.53278530990394,37.5694054245622,126.925932785368,37.5696077695862,126.924622355694,50,1,연희동,서대문구 연희로11마길 63 (연희동),1
37.59505731134765,126.933536458218,11.336667346830822,260.96246059259363,37.5946394214899,126.934078651232,37.5954752012054,126.932994265204,60,1,홍은동,서대문구 연희로41라길 13,1
37.6024259289041,126.936144217031,4.826121579145648,171.4642612057734,37.6007975225031,126.935891544921,37.6040543353051,126.936396889141,470,1,녹번동,"은평구 통일로 610 (녹번동, 힐스테이트녹번)",1
37.604281485383495,126.9355906557645,10.842701306201327,171.4642612057734,37.6045086354619,126.934784422388,37.6040543353051,126.936396889141,120,1,녹번동,은평구 통일로 630,1
37.58964753607875,126.921188083837,4.815246360281085,144.52696786145196,37.5891823344489,126.919607272675,37.5901127377086,126.922768894999,470,1,응암동,은평구 백련산로 37,1
37.6112196622821,126.9378044655645,4.476451549235407,119.02428685386708,37.611895066469,126.937163996518,37.6105442580952,126.938444934611,200,1,불광동,은평구 진흥로 265,1
37.5932700531383,126.922517033885,5.568001550838881,220.3207059794874,37.5934033945205,126.922165710978,37.5931367117561,126.922868356792,143,1,응암동,은평구 응암로22길 39,1
37.5940738029422,126.907877612182,0.969518906512956,147.5423142904556,37.5926242921815,126.906959560567,37.5955233137029,126.908795663797,90,1,은평구 신사동,은평구 은평터널로 169,1
37.62024653356285,127.06192836690248,6.875068164330298,136.75866155957846,37.6199859956694,127.061188827746,37.6205070714563,127.062667906059,380,1,월계동,"노원구 석계로13길 17 (월계동, 해인베스트빌)",1
37.63978359767905,127.052876013553,7.474651856148544,490.696713777061,37.6411651720044,127.053067055396,37.6384020233537,127.05268497171,480,1,월계동,노원구 마들로5길 25,1
37.5122508862911,126.8423927755435,0.5767404663197642,116.33780834900575,37.5111626034447,126.843333690607,37.5133391691375,126.84145186048,210,1,신정동,양천구 신정로13길 35,1
37.44650256296355,126.9041727985275,0.9116291779986264,132.61581450096764,37.4450057546914,126.904452088247,37.4479993712357,126.903893508808,75,1,시흥동,금천구 시흥대로38길 61 (시흥동),1
37.487120633284704,126.9679431835605,7.148886087138562,129.98811987554117,37.487412281918,126.967748860871,37.4868289846514,126.96813750625,180,1,사당동,"동작구 사당로 165 (사당동, 대아아파트)",1
37.46523672209299,126.8948891176455,0.4448889753516614,93.84345470554884,37.465243820979,126.895171531123,37.465229623207,126.894606704168,80,1,독산동,금천구 범안로16길 24-7,1
37.486561918519655,126.8857379855535,0.0916740479114934,92.95477119577848,37.4879986620547,126.884849447076,37.4851251749846,126.886626524031,378,1,구로동,구로구 구로동로12길 4-22,1
37.487601505925255,126.8864039814265,0.3988343979803224,98.9405308426358,37.4879986620547,126.884849447076,37.4872043497958,126.887958515777,332,1,구로동,구로구 구로동로18길 34-3,1
37.4898233453401,126.83327327089548,0.9974151896577568,153.37159701015835,37.4909373844238,126.832435742194,37.4887093062564,126.834110799597,220,1,오류동,구로구 오리로13길 8-4 (오류동),1
37.488569477355,126.839530663069,0.9816008011183552,70.93033522982591,37.4876744495507,126.8394882533,37.4894645051593,126.839573072838,240,1,오류동,구로구 오류로 41-1 (오류동),1
37.48168839261585,126.890618902369,0.976499384308646,104.08007800976934,37.4818784751331,126.890148230983,37.4814983100986,126.891089573755,100,1,가리봉동,구로구 남부순환로105라길 25-10,1
37.53994113371675,126.8458387186985,2.274977776827873,85.00834324119924,37.5396179910442,126.845287099771,37.5402642763893,126.846390337626,110,1,화곡동,"강서구 까치산로4길 75-21 (화곡동, 황제파크빌)",1
37.541528311708646,126.8509087976135,2.53951558551056,74.84531261313921,37.5415338084022,126.850409728816,37.5415228150151,126.851407866411,120,1,화곡동,강서구 초록마을로 75,1
37.5360283087192,126.85116861130852,8.274351247654684,243.74589062248825,37.5354278225285,126.850763618082,37.5366287949099,126.851573604535,180,1,화곡동,강서구 강서로18아길 21 (화곡동),1
37.5321600433292,126.8502802980925,1.3626639447115363,108.69064773826976,37.5321536325698,126.851442182229,37.5321664540886,126.849118413956,200,1,화곡동,"강서구 강서로12길 68 (화곡동, 신성그린빌)",1
37.53637484204515,126.852144975306,5.169566292632947,228.21336569954937,37.5366772077314,126.851453461854,37.5360724763589,126.852836488758,150,1,화곡동,강서구 곰달래로35길 135,1
37.5369015056292,126.85073516545752,8.748733846128355,241.20139648240456,37.537119714995,126.850190445409,37.5366832962634,126.851279885506,120,1,화곡동,강서구 곰달래로35길 163,1
37.452690149915895,126.9174437671565,13.924262673460484,160.5851658436194,37.4522125872144,126.918245309403,37.4531677126174,126.91664222491,320,1,시흥동,금천구 탑골로 84,1
37.537754944061,126.850673673211,5.538850433034051,70.92397773674256,37.5371845064544,126.849985069579,37.5383253816676,126.851362276843,200,1,화곡동,강서구 초록마을로 122,1
37.5355159414925,126.854447270971,13.090394326516009,141.86018290782516,37.535359014014,126.85388412315,37.535672868971,126.855010418792,115,1,화곡동,강서구 등촌로13아길 90,1
37.580257926283096,126.8101374830765,4.31298977532259,204.4116974970675,37.5792208098893,126.80997947064,37.5812950426769,126.810295495513,160,1,방화동,강서구 금낭화로 222,1
37.54674950378365,126.937139676414,1.9694978104054168,161.12012726234997,37.5463557800484,126.937332888574,37.5471432275189,126.936946464254,60,1,신수동,마포구 독막로28길 7,1
37.53973817437345,126.95420426539,0.9607644106929468,114.40179043307973,37.5386455029351,126.951342079019,37.5408308458118,126.957066451761,230,1,도화동,마포구 새창로 52,1
37.535853472603804,126.949941879218,0.492199442299224,121.76133894416871,37.535545686893,126.94833844229,37.5361612583146,126.951545316146,230,1,산천동,용산구 새창로8길 157,1
37.56904252954645,126.9059733834545,0.2290158640206375,150.45545519381776,37.5687954893124,126.905649902888,37.5692895697805,126.906296864021,40,1,성산동,마포구 월드컵북로 210 (성산동),1
37.5482241806791,126.925610867493,6.327958261008489,205.7524162468817,37.5478365128085,126.925446827762,37.5486118485497,126.925774907224,110,1,상수동,마포구 독막로 109,1
37.54904818208619,126.95062171265248,0.3739497052971488,145.26737367200863,37.5486972765071,126.949516448222,37.5493990876653,126.951726977083,135,1,공덕동,"마포구 마포대로11길 84 (공덕동, 현대상가)",1
37.5933083842142,126.933287320286,11.570171704404604,125.23419696551788,37.5935087861292,126.931890441324,37.5931079822992,126.934684199248,275,1,홍은동,"서대문구 연희로41가길 91-3 (홍은동, 스위스파인빌)",1
37.5920213861065,126.9496178457355,7.753903232996845,259.15307928260034,37.5926237376811,126.947386041512,37.5914190345319,126.951849649959,656,1,홍제동,서대문구 문화촌길 6-24,1
37.5798345171828,126.9510828131115,8.81772153521601,186.71855274818768,37.5805262287076,126.951453746795,37.579142805658,126.950711879428,145,1,홍제동,서대문구 통일로 321,1
37.5516209006706,126.855826907269,4.703135393006121,215.99846404598543,37.5524787500046,126.853990017801,37.5507630513366,126.857663796737,300,1,화곡동,강서구 화곡로58길 92,1
37.464116718803055,126.9064109923425,2.916037505139817,147.2293498226607,37.4630970659477,126.905641926283,37.4651363716584,126.907180058402,280,1,독산동,"금천구 독산로58라길 22 (독산동, 한신빌)",1
37.47017039888085,126.906652978328,0.3124411886086811,188.4501080403197,37.4690436050849,126.906836437885,37.4712971926768,126.906469518771,250,1,독산동,금천구 독산로78다길 52,1
37.5109304381392,126.9009055414475,0.2400874098231915,97.13229134341734,37.5113135470759,126.900424616949,37.5105473292025,126.901386465946,160,1,도림동,영등포구 도영로 66,1
37.5512753703535,127.143219540092,0.5214365151789907,123.32701710600618,37.5512452383659,127.143771397691,37.5513055023411,127.142667682493,110,1,명일동,강동구 양재대로141길 14 (명일동),1
37.551696525447355,127.1432700268985,0.3485157689245313,139.41301867834466,37.5517127049321,127.143821523561,37.5516803459626,127.142718530236,110,1,명일동,강동구 양재대로143길 10,1
37.5520690050975,127.143301125602,0.2646542536844417,162.67501083128693,37.5520908128356,127.143854955739,37.5520471973594,127.142747295465,110,1,명일동,강동구 양재대로145길 14 (명일동),1
37.4977222659979,127.095611407188,0.111402027644111,131.0573058976511,37.4982636291854,127.09400503019,37.4971809028104,127.097217784186,300,1,삼전동,송파구 삼학사로 11,1
37.50623646245445,127.0272818603695,7.625868404061218,206.42293781569597,37.5063531532944,127.027235645333,37.5061197716145,127.027328075406,40,1,논현동,강남구 봉은사로7길 11,1
37.50167766854855,127.063379609273,4.363453181086735,197.38290253121627,37.5013575539498,127.063355872072,37.5019977831473,127.063403346474,65,1,대치동,강남구 도곡로93길 23,1
37.504822810372104,127.0520323170235,1.0077743808418396,100.04189282341238,37.504996534161,127.051907408986,37.5046490865832,127.052157225061,40,1,대치동,강남구 테헤란로 416 (대치동),1
37.516934844369445,127.044385939874,2.526653432948647,199.369456238148,37.5171510991381,127.04434885307,37.5167185896008,127.044423026678,35,1,삼성동,"강남구 학동로64길 14 (삼성동, 현대아파트 101동)",1
37.4981922253025,127.049387760898,1.4271176611245604,170.12365728389648,37.4983251759455,127.050124948768,37.4980592746595,127.048650573028,30,1,역삼동,강남구 선릉로69길 20,1
37.50020126181185,127.03275660909,4.457941781450524,212.34933335007184,37.5000818732753,127.032937953168,37.5003206503484,127.032575265012,45,1,역삼동,강남구 테헤란로 131,1
37.492265960063904,127.042265939898,6.583520435064352,262.46981361544476,37.4924616496392,127.042417574623,37.4920702704886,127.042114305173,50,1,도곡동,강남구 도곡로 212,1
37.505043172801294,127.028224772357,3.002420944506608,253.49438293942913,37.5052805568865,127.028919391781,37.5048057887161,127.027530152933,150,1,역삼동,강남구 봉은사로 120 (역삼동),1
37.5003285323411,127.017118900837,1.7092640637337768,145.0620481651599,37.5002038451468,127.018590174775,37.5004532195354,127.015647626899,180,1,서초동,서초구 고무래로 90-6,1
37.493111650066695,127.0183710234025,0.1502888176419063,155.96293514714034,37.4933625596371,127.018795301601,37.4928607404963,127.017946745204,100,1,서초동,서초구 사임당로17길 101,1
37.50169574655715,127.0165601815565,0.0833366961143901,161.4123298838032,37.5024388979462,127.014619457733,37.5009525951681,127.01850090538,380,1,반포동,서초구 고무래로 71,1
37.495377823728845,127.015158785258,2.3179715064652533,261.63348631497536,37.4956085984217,127.014949572458,37.495147049036,127.015367998058,62,1,서초동,서초구 서초대로53길 12,1
37.48699045801235,127.028829289793,0.4075192764698103,193.59687120562043,37.4870103195509,127.028483359749,37.4869705964738,127.029175219837,9,1,서초동,서초구 효령로72길 57,1
37.4844172324242,127.036168497381,0.360813959038438,80.36677433388046,37.4845270215352,127.036164479926,37.4843074433132,127.036172514836,25,1,양재동,서초구 남부순환로 2610 (양재동),1
37.5054770787424,126.9332763251045,0.5601624524381896,107.02242012108808,37.5052397636547,126.933133919908,37.5057143938301,126.933418730301,130,1,대방동,"동작구 등용로 43 (대방동, 천록빌라)",1
37.500598960012795,126.94542519505048,0.3835049170589024,123.25350169450527,37.4990533203303,126.944332904382,37.5021445996953,126.946517485719,405,1,상도동,동작구 양녕로 220,1
37.4921266512741,126.96293051223,9.077307013909184,121.30168139637968,37.4923356236,126.962447793145,37.4919176789482,126.963413231315,50,1,사당동,동작구 사당로 90,1
37.5059875904361,126.915672137686,0.1781730925921475,151.9665830691763,37.505139698634,126.914597806278,37.5068354822382,126.916746469094,126,1,신길동,영등포구 가마산로79길 7,1
37.50859338635595,126.91232950401452,0.7446716894258929,176.95810433132996,37.5084506667913,126.911357724168,37.5087361059206,126.913301283861,174,1,신길동,영등포구 신길로42가길 10,1
37.51343529860981,126.9069727789435,0.6961601326335723,144.50688544842072,37.5125426900991,126.907164590058,37.5143279071205,126.906780967829,90,1,영등포동,영등포구 영신로17길 13,1
37.5118913203897,126.901885091916,0.7669448036132476,106.80651424271726,37.5127982690486,126.902425124183,37.5109843717308,126.901345059649,240,1,영등포동,영등포구 도신로29길 28,1
37.5644685092839,126.962034595131,5.282096378345254,94.19416790756576,37.5641746634256,126.960537280267,37.5647623551422,126.963531909995,270,1,충정로2가,서대문구 경기대로9길 24,1
37.4657554870425,126.8945946623745,0.4093482418532342,93.71871165866584,37.4657964727402,126.894936657729,37.4657145013448,126.89425266702,228,1,독산동,금천구 범안로16길 8-7 (독산동),1
37.5843957380904,126.950188923072,6.335121296883913,160.64244899945925,37.5837175694624,126.949782981952,37.5850739067184,126.950594864192,200,1,홍제동,"서대문구 통일로28길 19-7 (홍제동, 현대빌라)",1
37.58456124738974,126.934509762926,4.762130662525139,139.72634879078532,37.5860620008518,126.933480151157,37.5830604939277,126.935539374695,400,1,홍은동,서대문구 연희로37안길 14-3,1
37.48748025743105,126.9758402872965,8.129085653449522,158.57512729498748,37.4876528247101,126.975958842932,37.487307690152,126.975721731661,290,1,사당동,동작구 사당로29길 86 (사당동),1
37.62508212101635,127.013792664066,6.859400921614469,225.74875326197736,37.6249996860824,127.012590477055,37.6251645559503,127.014994851077,190,1,미아동,"강북구 솔매로 12 (미아동, 미향빌라)",1
37.48234114736515,126.970372462354,4.216400350341434,135.7337942672503,37.4822032162717,126.970605370059,37.4824790784586,126.970139554649,60,1,사당동,동작구 사당로14길 48-7,1
37.47896342360495,126.973710474435,3.745439247441744,174.1076438849883,37.4789663103967,126.973928957832,37.4789605368132,126.973491991038,105,1,사당동,동작구 사당로20길 126,1
37.49429676318135,126.9359583196015,7.982238929486303,205.51703983300496,37.4943529623367,126.935665335277,37.494240564026,126.936251303926,190,1,상도동,"동작구 국사봉1라길 10 (상도동, 상도빌라)",1
37.5034119249337,126.953472644701,0.8619530444308072,223.0943566640611,37.503597138207,126.953616442845,37.5032267116604,126.953328846557,75,1,상도동,"동작구 상도로47바길 31 (상도동, 정호아파트)",1
37.5068701828222,126.9569703205155,3.117831918552997,344.7407560896064,37.5066607164423,126.956894098261,37.5070796492021,126.95704654277,210,1,흑석동,동작구 흑석로5길 9 (흑석동),1
37.48298368875185,126.971230986732,2.7219124082916113,93.38841052279317,37.4831131631281,126.971413648457,37.4828542143756,126.971048325007,340,1,사당동,동작구 사당로14길 30 (사당동),1
37.4943654367482,126.9605864227915,1.1369800021613623,104.03618331569314,37.4945750939508,126.960565109906,37.4941557795456,126.960607735677,560,1,상도동,동작구 사당로2길 2-19 (상도동),1
37.48298940762195,126.9677355575655,5.869233511951453,261.3292538785152,37.4834267898009,126.968184742249,37.482552025443,126.967286372882,690,1,사당동,동작구 사당로8길 59,1
37.476800909839554,126.9721340052,0.3911179975640355,150.9581685458645,37.4763646501219,126.972363837707,37.4772371695572,126.971904172693,500,1,사당동,동작구 남부순환로259길 22,1
37.4876397766658,126.9756002424465,4.264280853577597,144.16729472107588,37.4876942755847,126.975541823558,37.4875852777469,126.975658661335,210,1,사당동,동작구 사당로23나길 30 (사당동),1
37.504142543493245,126.93382030581448,1.1309445874537944,139.2890657044589,37.5030453233318,126.934506691721,37.5052397636547,126.933133919908,40,1,상도동,동작구 상도로15바길 10-1 (상도동),1
37.49280533764146,126.979094844811,4.823267617689077,174.24784147254135,37.49263841761,126.979047115553,37.4929722576729,126.979142574069,68,1,사당동,동작구 동작대로35자길 6,1
37.5088614739564,126.95693692667253,4.563707578331574,195.3295112275053,37.5079446007369,126.958266526507,37.5097783471759,126.955607326838,56,1,흑석동,"동작구 흑석로5길 57 (흑석동, 에버그린II)",1
37.500764427728654,126.937077369296,2.633936910729652,41.65128885029122,37.501152825953,126.936775939233,37.5003760295043,126.937378799359,84,1,상도동,동작구 성대로21길 66-3 (상도동),1
37.51058944190185,126.9470077141175,6.704423568520483,149.55177613639768,37.5103821174002,126.946096399346,37.5107967664035,126.947919028889,45,1,노량진동,동작구 만양로8길 50,1
37.49625786499075,126.929047271906,2.883741959903192,154.5973524645243,37.496264594976,126.928701341719,37.4962511350055,126.929393202093,120,1,신대방동,동작구 국사봉2라길 11-1 (신대방동),1
37.4940189423319,126.93596686797552,8.017189214791264,209.03567561996996,37.4941422186555,126.935668682309,37.4938956660083,126.936265053642,85,1,상도동,동작구 국사봉1길 213,1
37.4939805188171,126.9023950001905,1.4600569611608396,128.36222787653713,37.493466984443,126.901297656813,37.4944940531912,126.903492343568,230,1,대림동,영등포구 대림로22길 14-2 (대림동),1
37.47206041165085,126.9023707665235,0.3053305343185299,141.2848744056525,37.4722828406414,126.902388508293,37.4718379826603,126.902353024754,200,1,독산동,금천구 독산로85길 7-8,1
37.4594553392123,126.907558829961,1.1955384111904466,99.8732020349376,37.4592077246084,126.907998476535,37.4597029538162,126.907119183387,180,1,시흥동,금천구 독산로36길 36,1
37.47612758693265,126.9016854582515,1.312539477755997,173.50084767021954,37.4759838434274,126.901862971117,37.4762713304379,126.901507945386,165,1,독산동,금천구 시흥대로150길 50-18,1
37.46471305516785,126.8943851994365,0.8115331150935611,112.50682715953864,37.464664525537,126.894827466097,37.4647615847987,126.893942932776,195,1,독산동,금천구 벚꽃로10길 77,1
37.49817650406465,126.9464783030165,12.209684055874996,129.8344735671506,37.498281174093,126.945722864641,37.4980718340363,126.947233741392,140,1,상도동,동작구 양녕로22라길 66,1
37.48713499400935,126.970688347097,3.6444238935769304,173.58207155022836,37.4865223241048,126.97147747741,37.4877476639139,126.969899216784,300,1,사당동,동작구 사당로13길 77,1
37.49031808759385,126.911218419785,9.882189834910134,142.01647244935526,37.490333625399,126.910912590091,37.4903025497887,126.911524249479,500,1,신대방동,동작구 신대방14길 23-4 (신대방동),1
37.49875027952645,126.949791979257,0.9435911595299136,210.621943346959,37.4974371122083,126.950225871368,37.5000634468446,126.949358087146,250,1,상도동,동작구 상도로 320,1
37.583153676200894,126.95149828763748,12.718405521757036,188.09446012341704,37.5832850061273,126.95064586122,37.5830223462745,126.952350714055,100,1,홍제동,"서대문구 통일로 348 (홍제동, 무악청구아파트)",1
37.66629493085085,127.080897403558,3.7494000761966255,161.86657780794965,37.6659561373976,127.080079674155,37.6666337243041,127.081715132961,230,1,상계동,노원구 덕릉로112길 68 (상계동),1
37.68316913221,127.0621624153985,3.8572056939026305,944.7347897640452,37.6822636829643,127.058081690947,37.6840745814557,127.06624313985,635,1,상계동,노원구 동일로250길 85 (상계동),1
37.6340759766956,127.058539252226,4.209967856029869,193.26667253258432,37.6339985215397,127.058479599617,37.6341534318515,127.058598904835,30,1,월계동,노원구 초안산로2길 128,1
37.48426966957565,126.9585651776325,6.024985308831709,148.58961137131206,37.4851360567561,126.957473160976,37.4834032823952,126.959657194289,100,1,봉천동,관악구 관악로24가길 15,1
37.46939087281725,126.965809431143,3.093926774689263,279.6310966613749,37.4692648813505,126.965549488503,37.469516864284,126.966069373783,250,1,봉천동,관악구 인헌16나길 4,1
37.4862899282734,126.95823159642048,3.017096611949994,70.34112925927283,37.4862101220192,126.957149966801,37.4863697345276,126.95931322604,120,1,봉천동,관악구 관악로30길 12,1
37.4744110854425,126.962153110046,1.068158002076533,191.18878561880464,37.474572360593,126.963120067385,37.474249810292,126.961186152707,20,1,봉천동,관악구 낙성대역6길 17-3,1
37.48398936055701,126.9366908512655,8.823783959725496,162.30093265782023,37.484226175994,126.936831700613,37.48375254512,126.936550001918,200,1,신림동,관악구 남부순환로198길 10,1
37.479508800415104,126.934258783849,14.488851004841944,224.33827206456323,37.4792099041859,126.933554407266,37.4798076966443,126.934963160432,230,1,신림동,관악구 신림로48길 17-16,1
37.46541520359075,126.937161605607,14.063069995521946,103.29866540318032,37.4655600589723,126.93736455622,37.4652703482092,126.936958654994,170,1,신림동,"관악구 대학18길 6 (신림동, 금호타운)",1
37.477006992582005,126.9304433381975,8.33063448158431,245.924103576095,37.4784831283486,126.930693234692,37.4755308568154,126.930193441703,150,1,신림동,관악구 문성로38길 37-3,1
37.47568665238735,126.92394294744,6.185089780707091,200.9845440470214,37.4750718935698,126.922823215702,37.4763014112049,126.925062679178,130,1,신림동,"관악구 법원단지길 127-2 (신림동, 스카이빌)",1
37.47372643989045,126.980471799854,8.292035202697113,218.59663724198504,37.4740320974462,126.981500871197,37.4734207823347,126.979442728511,200,1,남현동,관악구 승방6길 2 (남현동),1
37.479806561923496,126.963739886059,7.886318803544238,242.86894582708783,37.4797271766237,126.96357225766,37.4798859472233,126.963907514458,309,1,봉천동,"관악구 솔밭로7길 16 (봉천동, 낙성대현대홈타운아파트)",1
37.483789343533246,126.943269377358,1.7197345076564647,38.64999601404076,37.4838184035727,126.943837564391,37.4837602834938,126.942701190325,180,1,봉천동,관악구 봉천로 387,1
37.48806357625935,126.958642245665,3.5712218565721217,102.0001925633829,37.4879253230576,126.958274612985,37.4882018294611,126.959009878345,210,1,봉천동,관악구 청림2길 2 (봉천동),1
37.461610689800494,126.9158099825685,4.541160117780438,145.10526445408817,37.4617796699592,126.915993243638,37.4614417096418,126.915626721499,160,1,신림동,관악구 난향3길 42,1
37.487422617673346,126.9340741561875,6.469877679438916,213.45477863586856,37.4870028371032,126.934072376738,37.4878423982435,126.934075935637,30,1,봉천동,관악구 봉천로21길 11,1
37.48974911529345,126.94180384226952,7.862000957451269,105.26884045105756,37.4885759051018,126.941604215446,37.4909223254851,126.942003469093,70,1,봉천동,관악구 국회단지19길 5 (봉천동),1
37.4652433129356,126.937628706773,8.954069042957384,108.8648488907647,37.4660903056946,126.937708542182,37.4643963201766,126.937548871364,880,1,신림동,관악구 대학18길 9,1
37.477789604861,126.93848022423,7.068657394692614,212.95063968616023,37.4773986873012,126.937673380473,37.4781805224208,126.939287067987,180,1,신림동,관악구 쑥고개로1길 8,1
37.5005194510823,126.9365001934945,0.6038848459844887,78.78005163215389,37.5004965039022,126.936385539275,37.5005423982624,126.936614847714,170,1,상도동,동작구 성대로21길 57,1
37.4988212353665,126.9459204943165,10.391737207178716,25.857052691129656,37.4984444507815,126.945168618879,37.4991980199515,126.946672369754,75,1,상도동,"동작구 양녕로30길 21 (상도동, 아림빌리지)",1
37.5086525916135,126.945894568249,14.33610425333347,113.14493226278869,37.5089530613864,126.94615624059,37.5083521218406,126.945632895908,350,1,노량진동,동작구 만양로11길 8 (노량진동),1
37.586457012870255,126.9416021141115,10.42537770195281,228.5911466899328,37.5872374778163,126.942107938684,37.5856765479242,126.941096289539,370,1,홍제동,서대문구 통일로39다길 23-11,1
37.62352156161925,127.0317981312175,9.463053731986792,237.1546979538338,37.6224724589113,127.031271458473,37.6245706643272,127.032324803962,185,1,미아동,강북구 오패산로52가길 1,1
37.59054285513685,126.9933131239945,11.724226647768818,219.44534011353568,37.5899259224481,126.993697413249,37.5911597878256,126.99292883474,160,1,명륜3가,종로구 명륜길 88,1
37.58514021091305,127.0229828704615,1.4678725471577954,188.38277538732905,37.5839815608314,127.022381325102,37.5862988609947,127.023584415821,473,1,안암동3가,"성북구 고려대로14길 28 (안암동3가, 대광빌라)",1
37.560363766600005,127.024255329425,0.5871528505879899,127.2912162167363,37.5591982283344,127.023859158358,37.5615293048656,127.024651500492,330,1,하왕십리동,성동구 난계로 100,1
37.5631162227741,127.0271465072945,9.004845464572565,142.24279353121415,37.5632479494609,127.027533987194,37.5629844960873,127.026759027395,50,1,하왕십리동,성동구 왕십리로31길 20,1
37.55481984883925,127.0331210953215,6.004418785180271,235.04334026054136,37.5552686461713,127.033405300099,37.5543710515072,127.032836890544,350,1,행당동,성동구 독서당로 441,1
37.55663396273415,127.02769826051347,4.765056604274437,116.03623418308668,37.5566654559853,127.027875843981,37.556602469483,127.027520677046,40,1,행당동,성동구 행당로 75,1
37.5558684997837,127.0224954812515,7.1198871265585,159.32167554931195,37.5557032968507,127.022758334778,37.5560337027167,127.022232627725,40,1,금호동1가,성동구 행당로 27,1
37.54545969035845,127.014957532546,4.493996016532,145.75878548503732,37.5460598514009,127.013847173899,37.544859529316,127.016067891193,135,1,옥수동,성동구 매봉길 15,1
37.54610403065525,127.0224373865435,4.096997277361944,117.6680611930524,37.5455293912538,127.021869551034,37.5466786700567,127.023005222053,5,1,금호동4가,성동구 금호로1길 25,1
37.534881350175,127.0094591453005,3.089593822879781,213.48110712800153,37.5349979602561,127.008639783691,37.5347647400939,127.01027850691,44,1,한남동,용산구 한남대로20길 47,1
37.4720755864374,127.095150635482,3.687039094968143,120.8908989659224,37.4714960885035,127.094495808084,37.4726550843713,127.09580546288,90,1,자곡동,강남구 자곡로 106 (자곡동),1
37.46420753356935,127.106729185727,2.4205782553777633,174.97346573350433,37.4641310530579,127.106762083418,37.4642840140808,127.106696288036,30,1,세곡동,강남구 헌릉로622길 10 (세곡동),1
37.5111884513668,127.0496311308455,7.044169015223667,223.04227780121064,37.5110826369982,127.049396251711,37.5112942657354,127.04986600998,70,1,삼성동,강남구 봉은사로68길 6-3 (삼성동),1
37.5180292405191,127.039048153655,4.424887672647473,180.45677234197495,37.5179439234854,127.038615211138,37.5181145575528,127.039481096172,100,1,논현동,강남구 선릉로133길 22 (논현동),1
37.5661264378474,127.088456803786,3.1687776085933375,138.22810271130157,37.5653731664424,127.088388565322,37.5668797092524,127.08852504225,76,1,중곡동,광진구 용마산로22길 76,1
37.5095408245439,127.03087388908,1.2860491407752055,168.56522310473443,37.5095860766998,127.030790776271,37.509495572388,127.030957001889,50,1,논현동,"강남구 학동로18길 69 (논현동, 다세대주택(4세대))",1
37.50289574359305,127.03315599004,1.4894020180123386,154.17641497065344,37.503106707968,127.033017203918,37.5026847792181,127.033294776162,60,1,역삼동,강남구 논현로97길 30 (역삼동),1
37.505454569010496,127.0295344848915,4.673227747802159,255.49599134742888,37.5056300046993,127.029494630464,37.5052791333217,127.029574339319,80,1,역삼동,강남구 봉은사로 134,1
37.5039256891143,127.029569508544,2.6148732635362597,268.8999028931049,37.5036443090517,127.029373742289,37.5042070691769,127.029765274799,100,1,역삼동,강남구 봉은사로18길 37,1
37.528373848749595,127.04826376964,1.1380980412154595,372.54546453315663,37.5282696741441,127.048199556431,37.5284780233551,127.048327982849,55,1,청담동,"강남구 압구정로75길 40 (청담동, 엘지빌라)",1
37.521158453136195,127.045278483689,0.7996270131949513,194.6271683918453,37.5206217657868,127.04505655428,37.5216951404856,127.045500413098,60,1,청담동,강남구 도산대로70길 25,1
37.51247260828855,127.032365467528,4.868077710166401,282.39895731609363,37.5129362396255,127.031964981107,37.5120089769516,127.032765953949,130,1,논현동,"강남구 논현로124길 7 (논현동, 논현 아트빌)",1
37.51327917607545,127.0359866845735,8.713978374242672,322.7929523258436,37.513219955786,127.035770786374,37.5133383963649,127.036202582773,70,1,논현동,강남구 언주로 634 (논현동),1
37.5120858465921,127.031045900243,0.803436490467893,204.15348543155056,37.5122184281891,127.031221781311,37.5119532649951,127.030870019175,60,1,논현동,강남구 논현로123길 4-1 (논현동),1
37.5100659828862,127.031862415194,3.837313478734844,201.2341085885655,37.5098344702817,127.031860507109,37.5102974954907,127.031864323279,90,1,논현동,강남구 논현로119길 5 (논현동),1
37.5182649610984,127.06127935999852,7.348232487906857,240.74255568078493,37.5178968306498,127.061849678489,37.518633091547,127.060709041508,145,1,삼성동,강남구 영동대로118길 43-6,1
37.514857198589,127.053165032054,5.2444824677755815,146.1741726453652,37.514378786536,127.05291833469,37.515335610642,127.053411729418,150,1,삼성동,강남구 삼성로112길 11 (삼성동),1
37.5140439594189,127.02099783428348,10.65182504435078,400.7125699159927,37.5139723982051,127.020611936716,37.5141155206327,127.021383731851,120,1,논현동,강남구 강남대로140길 7,1
37.485425317988955,127.034844791674,4.471910662875516,101.9629791862852,37.4854101563589,127.034775756836,37.485440479619,127.034913826512,30,1,도곡동,강남구 남부순환로351길 8 (도곡동),1
37.51593572961505,127.0225832505975,5.518334154711482,398.63973433388776,37.5168459639768,127.022136047241,37.5150254952533,127.023030453954,205,1,논현동,강남구 도산대로8길 17-3,1
37.5514529118403,127.1101786066175,10.78626200697942,278.8415951387608,37.5518329098888,127.109741717939,37.5510729137918,127.110615495296,140,1,광장동,광진구 아차산로78길 56,1
37.5869321394429,127.05019992987953,3.2660063456346404,98.6633599349698,37.5868931669239,127.050316634557,37.5869711119619,127.050083225202,20,1,청량리동,동대문구 제기로33길 29,1
37.55555634806215,127.0069851263745,10.338947099687449,164.31929279568652,37.5555755613758,127.006612164821,37.5555371347485,127.007358087928,123,1,신당동,중구 동호로17길 57-16,1
37.55166810837015,127.004861003638,13.68683824289299,277.56610733476526,37.5519010077818,127.005070605241,37.5514352089585,127.004651402035,70,1,신당동,중구 동호로11라길 39,1
37.5529439223422,126.96306784603,7.825399721471526,85.71015973542076,37.5528188643198,126.963069435531,37.5530689803646,126.963066256529,60,1,만리동2가,중구 만리재로21길 9,1
37.5586236620777,127.00235172920448,10.64342753462719,319.47012513835483,37.5587340771334,127.002459478286,37.558513247022,127.002243980123,50,1,장충동2가,중구 동호로25가길 7,1
37.559031379084345,127.0013248126,5.910260941532081,223.4966425312616,37.5584893817962,127.001546237286,37.5595733763725,127.001103387914,200,1,장충동2가,중구 동호로25길 29,1
37.5495373516818,127.0091121644885,3.2920794307592893,120.7964986265728,37.5519241493449,127.012518081756,37.5471505540187,127.005706247221,150,1,신당동,중구 다산로 32,1
37.55303523345139,127.004961246422,17.39965034881361,187.06000223609212,37.5531642247547,127.004641437369,37.5529062421481,127.005281055475,65,1,신당동,중구 동호로17길 131-10 (신당동),1
37.55279341095425,127.004831425029,16.404828197225655,198.0427963599455,37.5529498824766,127.004508562987,37.5526369394319,127.005154287071,140,1,신당동,중구 동호로11나길 76 (신당동),1
37.555120413922054,127.0081820022295,3.851632745979564,138.9910535799838,37.5551952253618,127.0084189378,37.5550456024823,127.007945066659,40,1,신당동,중구 동호로15길 126-11 (신당동),1
37.5557988619478,126.9941224739415,2.6056779112048565,356.52086840807885,37.5551515516737,126.995257375967,37.5564461722219,126.992987571916,330,1,예장동,중구 필동로8길 46,1
37.558350596395,126.963984746433,7.463423409985551,142.32723298769582,37.5589544747182,126.963935506406,37.5577467180718,126.96403398646,182,1,중림동,중구 중림로2길 13-10,1
37.66693915627995,127.069254771329,3.676671945085464,133.87608434436376,37.6665914375308,127.069690193147,37.6672868750291,127.068819349511,120,1,상계동,노원구 한글비석로46나길 6,1
37.5906956353282,127.04632505625948,6.450782185470594,189.97872092222931,37.5916812463359,127.045596430584,37.5897100243205,127.047053681935,160,1,청량리동,동대문구 회기로 90,1
37.66156057713865,127.080328705854,2.6636880782902894,163.24371853909423,37.6618305165477,127.07985763967,37.6612906377296,127.080799772038,150,1,중계동,노원구 덕릉로82길 64,1
37.647887474951546,127.0305080666695,1.0314257133450222,94.58585962461196,37.6479985931598,127.030403863726,37.6477763567433,127.030612269613,26,1,쌍문동,도봉구 도봉로109길 37-1 (쌍문동),1
37.651730991940894,127.037779072988,0.4880228111987171,99.0153925202154,37.6516832255819,127.037682954015,37.6517787582999,127.037875191961,18,1,창동,"도봉구 노해로61길 4 (창동, 리솜하우스)",1
37.65515806021685,127.018804335086,11.555437296790862,256.40437341689164,37.6549476920867,127.018733737519,37.655368428347,127.018874932653,37,1,쌍문동,도봉구 우이천로48길 64,1
37.64904173788685,127.0277159983645,3.3648449233570727,193.71917623828432,37.6491019267022,127.027510920171,37.6489815490715,127.027921076558,30,1,쌍문동,도봉구 노해로44길 3 (쌍문동),1
37.6482692107057,127.033056316135,0.452755506469049,157.26066514816742,37.6482948719595,127.033276949967,37.6482435494519,127.032835682303,50,1,쌍문동,도봉구 도봉로113길 20 (쌍문동),1
37.62730874235935,127.0162133496825,2.2770045567513897,87.98374037950991,37.627201322889,127.015716753706,37.6274161618297,127.016709945659,70,1,미아동,강북구 삼양로63가길 7-9,1
37.6485063121902,127.0222641309995,2.4576557556819156,170.26475928233594,37.6491643645203,127.022401551192,37.6478482598601,127.022126710807,36,1,쌍문동,도봉구 우이천로 367,1
37.59517409147915,127.0107081899275,9.698275414047046,223.8218326389785,37.5944725333435,127.012706037821,37.5958756496148,127.008710342034,116,1,돈암동,성북구 성북로4길 52,1
37.61271501366945,127.0183606596525,4.902166666935132,172.4858046443468,37.6113247609887,127.020849661284,37.6141052663502,127.015871658021,200,1,길음동,성북구 길음로 118,1
37.5960573885895,127.0211155234725,2.8822269021164133,153.40792087328427,37.5957670040685,127.020835694762,37.5963477731105,127.021395352183,80,1,동선동3가,"성북구 동소문로26라길 42-1 (동선동3가, 테라팰리스)",1
37.598656406356795,127.082788237348,0.1335972403366134,124.91584336108431,37.5989176853414,127.082800133817,37.5983951273722,127.082776340879,50,1,중화동,중랑구 동일로124길 48,1
37.58096215008025,127.087455161825,0.2303319844527349,162.8646050464861,37.5809978555655,127.087176645624,37.580926444595,127.087733678026,10,1,면목동,중랑구 사가정로 385,1
37.650257638137205,127.0270304273415,1.3563927107807812,80.08091460673452,37.6499814851783,127.027430789794,37.6505337910961,127.026630064889,110,1,쌍문동,도봉구 노해로41가길 17 (쌍문동),1
37.55088123780785,127.00548014372,12.952388627505211,296.49851292196723,37.5510611366006,127.006138955405,37.5507013390151,127.004821332035,200,1,신당동,중구 동호로11자길 23,1
37.52066319507525,127.045199507394,2.9574579876303577,204.54638329017556,37.5206583357764,127.043888604174,37.5206680543741,127.046510410614,285,1,청담동,강남구 도산대로70길 43,1
37.511031267536,127.0308593447875,5.123811677371268,168.61204677044145,37.5108368999065,127.03162940528,37.5112256351655,127.030089284295,170,1,논현동,강남구 논현로121길 12 (논현동),1
37.55211631102595,126.9617963537815,2.5425296660984147,141.85461823088303,37.5516706026731,126.962122449453,37.5525620193788,126.96147025811,130,1,아현동,마포구 마포대로24길 42 (아현동),1
37.5372113776228,126.944587867914,2.202657930748493,246.0964540161909,37.5373071864777,126.944273138606,37.5371155687679,126.944902597222,65,1,마포동,마포구 마포대로 8-1 (마포동),1
37.54973592619075,126.947709185125,6.1959072501644235,100.68460604262764,37.5499409446972,126.947293953741,37.5495309076843,126.948124416509,80,1,염리동,마포구 백범로25길 83,1
37.55513625118415,126.9427817140485,10.47206533539996,118.79681341211032,37.5553663746,126.942799532588,37.5549061277683,126.942763895509,145,1,대흥동,마포구 고산길 105,1
37.55406740406295,126.93884309397752,8.757373490432926,196.46975706725416,37.5543686640881,126.938256337764,37.5537661440378,126.939429850191,160,1,노고산동,마포구 신촌로20길 31,1
37.5538715996837,126.93004597028,7.553984804055477,245.9832806539877,37.5544795351034,126.930252504878,37.553263664264,126.929839435682,135,1,창전동,마포구 서강로9길 45,1
37.5865204878056,126.933277138457,16.411929497828112,344.48316641850204,37.5867691552474,126.934221910291,37.5862718203638,126.932332366623,300,1,홍은동,서대문구 연희로39길 41-13,1
37.5856728183119,126.926933829869,12.839227435406494,176.66579085097413,37.5857401586633,126.926191726203,37.5856054779605,126.927675933535,155,1,홍은동,서대문구 가좌로2길 60,1
37.5508610948753,127.0302446349625,8.900685975294598,199.71725477129033,37.5497977040106,127.030020362088,37.55192448574,127.030468907837,350,1,응봉동,성동구 독서당로 377,1
37.5469282613105,126.966989731139,8.948565793027436,197.25182037186113,37.5466331314035,126.966962136966,37.5472233912175,126.967017325312,70,1,청파동2가,용산구 효창원로86라길 8 (청파동2가),1
37.5375826039554,127.0118804811605,5.6197067114019985,173.48626742184177,37.5378106641032,127.012159762543,37.5373545438076,127.011601199778,225,1,한남동,용산구 독서당로 129,1
37.54381596889495,126.9903405154055,7.897959003062933,469.22329653779144,37.5433914870279,126.990083310522,37.544240450762,126.990597720289,324,1,이태원동,용산구 소월로38길 30-32,1
37.574585062664,126.895139919408,6.591404139905194,237.75627301481592,37.5746681863017,126.895705587776,37.5745019390263,126.89457425104,140,1,상암동,"마포구 월드컵북로45길 13-7 (상암동, 유진빌)",1
37.54256797007285,126.984252369994,6.290657651886152,229.951874289225,37.5434592898007,126.983958548185,37.541676650345,126.984546191803,230,1,용산동2가,용산구 신흥로3가길 66,1
37.52868206105535,127.004903685117,9.438879850826376,370.57361642958847,37.5283743260401,127.005937416925,37.5289897960706,127.003869953309,200,1,한남동,용산구 장문로49길 16 (한남동),1
37.5470733538651,126.96357357198,5.590825215202967,109.16943282439088,37.546841806299,126.963603219593,37.5473049014312,126.963543924367,300,1,청파동2가,용산구 효창원로 228,1
37.6085046831177,126.9621876481205,15.333527153634677,346.146765000678,37.6081571945018,126.961978304696,37.6088521717336,126.962396991545,100,1,평창동,종로구 평창4길 3,1
37.606462765554355,126.9637807299295,8.851412895640365,261.61094257560364,37.6078965614435,126.962331672772,37.6050289696652,126.965229787087,530,1,평창동,종로구 평창3길 3 (평창동),1
37.60277373102125,126.9568596006075,7.143736119138223,208.1049736108214,37.6010324031386,126.956657274744,37.6045150589039,126.957061926471,550,1,홍지동,종로구 홍지문2길 20,1
37.57987408181945,127.016532954927,6.751263837332579,223.9319844115556,37.5796115467616,127.015785652155,37.5801366168773,127.017280257699,200,1,숭인동,종로구 동망산길 65,1
37.59092776723375,126.992698157907,7.855389750784038,297.965940731296,37.5911310619203,126.993196733417,37.5907244725472,126.992199582397,80,1,명륜3가,종로구 명륜길 99-2 (명륜3가),1
37.60955180368855,126.97127396786748,9.704954260255702,375.5918894978587,37.6080293812741,126.972114171475,37.611074226103,126.97043376426,130,1,평창동,종로구 평창21길 7 (평창동),1
37.60052798757821,126.9570397551905,9.461556530256177,192.45245658857533,37.6000235720178,126.957422235637,37.6010324031386,126.956657274744,130,1,홍지동,종로구 홍지문길 16 (홍지동),1
37.58331357708,126.987146807751,1.2265626728625276,250.5898988396152,37.5834416442373,126.985408757535,37.5831855099227,126.988884857967,355,1,계동,종로구 창덕궁7길 17,1
37.60539992479125,126.957446921739,10.043141322963775,207.81846629525353,37.6062399217122,126.957832848779,37.6045599278703,126.957060994699,190,1,구기동,종로구 홍지문길 79,1
37.61136560187175,126.9753165979465,7.859327073218745,420.36031967137706,37.6100641847087,126.975395459262,37.6126670190348,126.975237736631,210,1,평창동,종로구 평창31길 12,1
37.53557833076075,127.0109241577695,3.741894138945617,140.79524967254798,37.5355547558041,127.011073220662,37.5356019057174,127.010775094877,180,1,한남동,용산구 독서당로 103,1
37.5010479329853,127.041383801889,6.174095912671018,202.930642274512,37.5010140537786,127.041259156695,37.501081812192,127.041508447083,50,1,역삼동,강남구 언주로85길 24 (역삼동),1
37.54574088951005,126.924966067122,1.4186235916046832,233.4980344182441,37.5457881091832,126.925473875852,37.5456936698369,126.924458258392,100,1,상수동,"마포구 토정로 127-7 (상수동, 예인아트빌)",1
37.507530303348304,127.020368240792,1.548521736844732,259.1353442790991,37.5080330585335,127.02013934791,37.5070275481631,127.020597133674,100,1,반포동,서초구 사평대로53길 77,1
37.5013866366446,127.02909929006547,5.600302220633766,310.66527780744656,37.5017450016757,127.029323011449,37.5010282716135,127.028875568682,130,1,역삼동,강남구 테헤란로5길 39-4 (역삼동),1
37.5158274735077,127.038177163004,7.9641610397617635,257.70999315003866,37.5159826957472,127.038101795376,37.5156722512682,127.038252530632,60,1,논현동,강남구 언주로130길 35 (논현동),1
37.51859580619385,127.0614616963565,11.52994957571556,231.27895108603389,37.5187602541694,127.061519634361,37.5184313582183,127.061403758352,90,1,삼성동,강남구 영동대로122길 45,1
37.502351043772606,127.04659098970048,0.2942233006354606,79.09287229110328,37.5023991955137,127.04489541391,37.5023028920315,127.048286565491,100,1,역삼동,강남구 테헤란로52길 16,1
37.4853380572677,127.099177608876,7.066975184376015,300.7566503742133,37.4858589420246,127.098733942272,37.4848171725108,127.09962127548,130,1,수서동,강남구 광평로 228 (수서동),1
37.5018391285971,127.065200475171,2.636844134861921,165.0628208198917,37.5021658944961,127.064926284117,37.5015123626981,127.065474666225,100,1,대치동,강남구 도곡로93길 23,1
37.5229827473555,127.04988741994548,6.574666730953562,379.8535917457922,37.5230042633715,127.050463180352,37.5229612313395,127.049311659539,200,1,청담동,"강남구 도산대로92길 10 (청담동, 청담대우유로카운티)",1
37.5165768558138,127.03784249931952,5.043527716180388,190.14156119399712,37.5163902034295,127.037872154213,37.5167635081981,127.037812844426,60,1,논현동,강남구 학동로45길 3,1
37.514341176837,127.044125999988,1.0004026374552235,229.51708223922088,37.5145833760924,127.043739019337,37.5140989775816,127.044512980639,100,1,삼성동,강남구 선릉로126길 22,1
37.511497883557496,127.038990911658,1.3544374802064787,204.48673974468488,37.5111105102979,127.038949878537,37.5118852568171,127.039031944779,155,1,논현동,강남구 언주로116길 27 (논현동),1
37.5002453958089,127.06268227385952,1.3956340629969235,258.7306866497284,37.5001056055771,127.062341077644,37.5003851860407,127.063023470075,30,1,대치동,강남구 삼성로64길 28,1
37.5153103550281,127.045282130223,0.9984542222183692,216.5415126572158,37.51625004573,127.045193621733,37.5143706643262,127.045370638713,105,1,삼성동,강남구 선릉로126길 22,1
37.54845675624445,126.947556633699,3.6043609553082177,137.4919555628251,37.5478666377866,126.947231138342,37.5490468747023,126.947882129056,170,1,염리동,마포구 백범로25길 34,1
37.517406537402,127.036432420099,0.1712550470129096,176.5425392761363,37.5173580589297,127.036154866723,37.5174550158743,127.036709973475,60,1,논현동,강남구 언주로136길 11,1
37.528369014841104,127.0463856002965,6.57344354255548,307.6380021025731,37.5278506371747,127.046121397919,37.5288873925075,127.046649802674,130,1,청담동,강남구 압구정로71길 28,1
37.506573822321,127.028514200435,6.763959088328066,171.87054317366542,37.5061839005349,127.028936478886,37.5069637441071,127.028091921984,100,1,논현동,"강남구 봉은사로11길 11 (논현동, 프라임아파트)",1
37.48810785446945,127.0340369525755,1.047283478003434,171.4010033676144,37.4883349194752,127.033842346154,37.4878807894637,127.034231558997,80,1,도곡동,강남구 도곡로2길 27,1
37.4868157191856,127.034809481099,1.2842607718116208,164.91777761473668,37.4869382855028,127.034710319273,37.4866931528684,127.034908642925,55,1,도곡동,강남구 남부순환로355길 33,1
37.5162941156015,127.0249844984425,3.648417450295452,384.7110865922771,37.5159080105531,127.024463761604,37.5166802206499,127.025505235281,180,1,논현동,강남구 논현로145길 52,1
37.496027636502845,126.9978385782195,4.926557988064424,215.62252793921056,37.4968694056335,126.998034810601,37.4951858673722,126.997642345838,220,1,반포동,서초구 서래로 7,1
37.485114381757654,126.99695193782,8.639143254244303,117.9333858075004,37.4852873172687,126.998192277759,37.4849414462466,126.995711597881,240,1,방배동,서초구 방배로18길 24-10,1
37.494019060992755,127.02128612026,1.1461955162646522,216.3806435833495,37.4933119004012,127.021565172107,37.4947262215843,127.021007068413,190,1,서초동,서초구 서초대로64길 31,1
37.49443499441755,127.02112368006352,1.3321739534993136,240.393920231356,37.4933119004012,127.021565172107,37.4955580884339,127.02068218802,280,1,서초동,서초구 서초대로64길 31,1
37.47985125988061,126.9918184131505,3.8565285708506,192.51509927367292,37.479599381272,126.991146359906,37.4801031384892,126.992490466395,400,1,방배동,서초구 효령로 69,1
37.4786856585646,127.0051790530105,0.0278599537918822,283.19726516119465,37.4789301165027,127.005885340041,37.4784412006265,127.00447276598,240,1,방배동,서초구 명달로 5-121,1
37.5082247862391,127.020690371314,1.7044224829588583,195.0769803548335,37.508954953671,127.020215374681,37.5074946188072,127.021165367947,210,1,반포동,서초구 사평대로55길 97-6 (반포동),1
37.5186753231876,127.063916416932,8.416071676786899,304.67506000215343,37.5185183147673,127.06409885511,37.5188323316079,127.063733978754,75,1,삼성동,강남구 봉은사로109길 66-8,1
37.556972036556544,126.96568813856,7.209965578623894,109.38460896849008,37.5570496013779,126.966115171346,37.5568944717352,126.965261105774,130,1,만리동1가,"중구 만리재로37길 49 (만리동1가, SY파크힐)",1
37.5561943650915,126.993362995522,6.30002333276088,362.7265789491856,37.5564381790232,126.993434160651,37.5559505511598,126.993291830393,65,1,예장동,중구 필동로8길 61-4,1
37.5539920844893,127.0051756000475,4.73524772567689,159.33691719991435,37.5542807185276,127.00518993616,37.553703450451,127.005161263935,80,1,신당동,중구 동호로17다길 2-9,1
37.60865794236645,127.0370850633305,6.606206250802419,168.7967841377461,37.6090977872099,127.038146527662,37.608218097523,127.036023598999,270,1,하월곡동,성북구 오패산로 90,1
37.6130998230893,127.039447500308,6.896154896381217,190.11111917134215,37.6136412940616,127.039247598102,37.612558352117,127.039647402514,90,1,장위동,성북구 장위로10길 10-7,1
37.61196791985395,127.037766025304,8.347489209132426,162.96376778882563,37.6124680892797,127.037389295824,37.6114677504282,127.038142754784,90,1,하월곡동,성북구 오패산로 90,1
37.5413706697841,127.1496354868865,0.5728159886109597,134.23453275483888,37.5409268527757,127.149979091111,37.5418144867925,127.149291882662,90,1,길동,강동구 명일로24길 33 (길동),1
37.6106497370007,127.016549167027,8.805347567270251,182.51247557000323,37.6104346455106,127.015123837224,37.6108648284908,127.01797449683,110,1,길음동,성북구 길음로 119,1
37.618351788142945,127.0045738060745,11.241212799906288,242.6904852701206,37.6169120464565,127.003614898863,37.6197915298294,127.005532713286,180,1,정릉동,"성북구 보국문로30길 39 (정릉동, 성진빌라)",1
37.5896921906087,127.0056918881395,8.093051642306026,122.98534632364786,37.5899806287616,127.005993938302,37.5894037524558,127.005389837977,250,1,동소문동1가,성북구 성북로4길 13-8,1
37.5865134011026,127.095801581159,1.1362409654271068,138.36920097918485,37.5862583867691,127.095343221465,37.5867684154361,127.096259940853,50,1,면목동,중랑구 용마산로86길 7,1
37.6011552214036,127.107332528899,2.628547515963847,73.41576115437056,37.6011580222643,127.107175352319,37.6011524205429,127.107489705479,150,1,망우동,중랑구 용마산로118길 123,1
37.5812726990021,127.09291111808552,4.4631997344094625,114.35370347544396,37.5814013706902,127.093127570278,37.581144027314,127.092694665893,300,1,면목동,중랑구 용마산로 329-8,1
37.60610449102945,127.0832304639395,3.0077488155778767,282.5346129013641,37.6056993886468,127.083510702772,37.6065095934121,127.082950225107,268,1,중화동,"중랑구 동일로140길 99 (중화동, 힐 하우스)",1
37.5792548546221,127.0940211686625,7.35451133661343,282.6543435386991,37.5800711747193,127.093430676323,37.5784385345249,127.094611661002,412,1,면목동,중랑구 사가정로72길 26,1
37.6170023842636,127.0055753782195,12.151491936676097,191.21438298570777,37.6165641902663,127.00554096909,37.6174405782609,127.005609787349,120,1,정릉동,"성북구 보국문로28길 20 (정릉동, 나라키움 정릉동 주택)",1
37.57166423945475,127.0854405167755,8.85875331330392,118.14492111764476,37.5717969516252,127.085508813496,37.5715315272843,127.085372220055,85,1,면목동,중랑구 면목로22길 32-4 (면목동),1
37.576602542627896,127.0875957015835,7.557117780463749,189.50687920549657,37.5764629846627,127.08764829179,37.5767421005931,127.087543111377,277,1,면목동,중랑구 면목로30나길 19 (면목동),1
37.587347700367005,127.1009610820735,7.941594476658017,99.54552262660928,37.5876756237817,127.101110637829,37.5870197769523,127.100811526318,217,1,면목동,"중랑구 용마산로94길 82-12 (면목동, 도시공간)",1
37.59276383018185,127.097317756955,0.6333045971822316,134.64225545734593,37.5923630693449,127.097098928032,37.5931645910188,127.097536585878,112,1,망우동,중랑구 봉우재로64길 49,1
37.591966369257904,127.0972001482495,1.609608485742756,111.42260121748328,37.5918792308686,127.097434135039,37.5920535076472,127.09696616146,159,1,망우동,중랑구 용마산로99길 13,1
37.57447703147885,127.087744563575,6.635672463579944,143.8655987494078,37.5743022671596,127.08758485674,37.5746517957981,127.08790427041,130,1,면목동,중랑구 용마산로45길 60 (면목동),1
37.57165215800485,127.08723627361452,11.999510930332027,146.5813544196034,37.5716792334736,127.087784182747,37.5716250825361,127.086688364482,280,1,면목동,중랑구 용마산로40길 20,1
37.575755730700095,127.087185080243,8.05357722010359,192.42259420839147,37.5758457223916,127.08665997496,37.5756657390086,127.087710185526,256,1,면목동,중랑구 면목로30길 25-5,1
37.572022045815146,127.084973358802,6.131382170066187,93.14695920117356,37.5721473639983,127.084612002083,37.571896727632,127.085334715521,310,1,면목동,"중랑구 답십리로85길 18 (면목동, 삼우빌라)",1
37.582613028355354,127.088810758717,1.0618388363255271,224.8772322615573,37.5838758126745,127.093185449346,37.5813502440362,127.084436068088,140,1,면목동,중랑구 면목로 344,1
37.5924899632601,127.101292826085,2.9784891605683192,152.3105770431422,37.592700179021,127.101223531546,37.5922797474992,127.101362120624,110,1,망우동,중랑구 용마공원로10가길 11,1
37.59895361795735,127.0543784927535,4.390835311821135,339.3547483614483,37.598914563676,127.05397940935,37.5989926722387,127.054777576157,60,1,이문동,동대문구 천장산로9길 60,1
37.5795459019444,127.06319328595252,9.368624972162548,86.8115924229763,37.5806921980698,127.064358844049,37.578399605819,127.062027727856,80,1,전농동,동대문구 사가정로 191-1 (전농동),1
37.59297233874375,127.095641145164,1.416759690358523,117.05208361895993,37.5925811122287,127.095772048043,37.5933635652588,127.095510242285,67,1,망우동,중랑구 봉우재로58길 38,1
37.56961274205355,127.06150382464,2.1183875331810373,111.86360683968128,37.5693117654531,127.060205006732,37.569913718654,127.062802642548,60,1,답십리동,동대문구 한천로11길 10-1,1
37.61491496045165,127.0109274863905,10.578184100276957,85.36640575718532,37.6158380598006,127.01101885516,37.6139918611027,127.010836117621,50,1,정릉동,성북구 솔샘로24길 15,1
37.61147746974175,126.9990879868285,8.618132711765437,246.36431093284176,37.6121941603479,126.998939100158,37.6107607791356,126.999236873499,193,1,정릉동,성북구 정릉로 77,1
37.606201976780255,126.997913481913,9.321516824171828,427.5393714169612,37.6064752203793,126.998955262977,37.6059287331812,126.996871700849,65,1,정릉동,성북구 정릉로10다길 25,1
37.60127253963195,127.0248694640425,13.634989354150347,186.1511228387248,37.6014275245144,127.024800664049,37.6011175547495,127.024938264036,130,1,돈암동,"성북구 정릉로44길 13-14 (돈암동, 서라벌맨션)",1
37.60473867864505,127.020982762977,5.210819152598911,88.57261472723118,37.6043940645669,127.019886935241,37.6050832927232,127.022078590713,69,1,길음동,성북구 길음로9길 40,1
37.60895826596495,127.0465621562485,5.49941120272076,114.6425238663306,37.6078926570484,127.047041124251,37.6100238748815,127.046083188246,66,1,장위동,성북구 장월로5길 19,1
37.59341971877795,127.02145577129347,13.880914830268178,213.2100258935361,37.5934960255288,127.021000039085,37.5933434120271,127.021911503502,48,1,동선동3가,성북구 동소문로26마길 2-1 (동선동3가),1
37.61923374515475,127.00230974582,5.367581012802303,387.1542768869748,37.6183795204482,127.00221236385,37.6200879698613,127.00240712779,42,1,정릉동,성북구 보국문로32길 53,1
37.606398950268456,127.001149379574,5.266272190279748,179.02933742832457,37.6064369242001,127.001435903949,37.6063609763368,127.000862855199,36,1,정릉동,성북구 정릉로12길 44-5,1
37.5942774613366,127.0018948273605,9.946804760241688,155.1809068862446,37.5940451445596,127.001649787123,37.5945097781136,127.002139867598,260,1,성북동,성북구 성북로14가길 9 (성북동),1
37.5997971220695,127.0321325548635,2.5965256496068942,48.73172044818186,37.5994941513348,127.033006075009,37.6001000928042,127.031259034718,450,1,종암동,성북구 종암로25길 17,1
37.6056781123288,126.99873517516347,6.329489769432777,287.0911157589275,37.6050608424459,126.998580090538,37.6062953822117,126.998890259789,250,1,정릉동,성북구 정릉로10길 89 (정릉동),1
37.59602598919995,127.01455808745352,4.2223863620080495,91.37173852703368,37.5957645358864,127.014441348069,37.5962874425135,127.014674826838,285,1,동소문동7가,성북구 동소문로15길 110 (동소문동7가),1
37.58441779613485,127.01776111911,2.967818405024469,137.51799933229722,37.5842141229324,127.017486235965,37.5846214693373,127.018036002255,250,1,보문동3가,성북구 지봉로20길 8,1
37.61006132401975,127.010014837286,5.583198880305091,156.9770005608491,37.6100672997545,127.010201540707,37.610055348285,127.009828133865,50,1,정릉동,성북구 보국문로14길 5-3,1
37.6006211956184,127.0194145109865,2.326204773623841,181.5721302679682,37.6009913670542,127.020513618361,37.6002510241826,127.018315403612,220,1,정릉동,성북구 정릉로40길 33 (정릉동),1
37.6032915778484,127.02061356384952,4.302639786481595,157.2431958362453,37.6038920559925,127.020280333911,37.6026910997043,127.020946793788,90,1,길음동,성북구 길음로9길 50,1
37.5807458588173,127.0180208377345,1.955919203215139,155.11938629358673,37.5841773524262,127.012618582669,37.5773143652084,127.0234230928,130,1,보문동6가,성북구 보문사길 111,1
37.5811578959038,127.0175667525405,2.292008792784833,225.37919116618792,37.5817874371535,127.017755568694,37.5805283546541,127.017377936387,90,1,보문동6가,성북구 보문사길 112,1
37.601247960600006,127.014854103992,6.381826273678355,153.82915183850815,37.6008116138803,127.014471992987,37.6016843073197,127.015236214997,430,1,정릉동,성북구 북악산로 813,1
37.61145744844115,127.014762575919,7.136748612138217,171.32170692753553,37.6104346455106,127.015123837224,37.6124802513717,127.014401314614,300,1,정릉동,성북구 길음로15가길 25,1
37.59032026957275,127.008063172423,7.6568420501483745,168.8969861115376,37.5906417574629,127.007860645537,37.5899987816826,127.008265699309,170,1,동소문동1가,성북구 동소문로 21-18 (동소문동1가),1
37.60215862326755,127.0302401255945,0.5449542733146483,147.42415304477052,37.6028249858547,127.029399897773,37.6014922606804,127.031080353416,210,1,종암동,"성북구 종암로21길 127 (종암동, 아이파크 종암동)",1
37.59973262748195,127.014508589121,4.380648929668787,126.81176154865132,37.5992317582631,127.014210443117,37.6002334967008,127.014806735125,170,1,돈암동,성북구 아리랑로12길 15,1
37.60683506740505,127.0016682492855,5.793486807536978,167.58160815485948,37.6072566332486,127.002182928649,37.6064135015615,127.001153569922,170,1,정릉동,성북구 정릉로12길 41,1
37.59585189448135,127.0127452854455,9.967547660731572,116.47428996729408,37.5956408923336,127.011400646113,37.5960628966291,127.014089924778,250,1,돈암동,성북구 성북로4길 52,1
37.6006507593689,127.0109639003845,1.9113512194493731,175.90557701517508,37.6007978684727,127.010723113293,37.6005036502651,127.011204687476,240,1,정릉동,성북구 아리랑로5길 151-14 (정릉동),1
37.603828639358696,126.99797594228848,9.012372855886642,564.2902588647341,37.6050729058664,126.997916680597,37.602584372851,126.99803520398,180,1,정릉동,성북구 정릉로 57-99 (정릉동),1
37.5995766416126,127.0036536966715,12.237079086090436,409.97296650120813,37.5997790641634,127.004626099897,37.5993742190618,127.002681293446,180,1,정릉동,성북구 북악산로1다길 44,1
37.5803005199415,127.054746557887,0.5025958386126698,149.8556862947873,37.580104265719,127.054590635913,37.580496774164,127.054902479861,90,1,전농동,동대문구 전농로23길 17,1
37.5697384435109,127.052732663019,0.2439154183637609,165.7046136946904,37.5690487768803,127.053639774037,37.5704281101415,127.051825552001,40,1,답십리동,동대문구 사가정로2길 56,1
37.58617335133145,127.067177811764,1.3302394048766426,226.7936995485669,37.5860146719888,127.067203313457,37.5863320306741,127.067152310071,200,1,휘경동,동대문구 한천로49길 32,1
37.557610618663205,127.0238943598915,3.6855713320658854,154.8511374270938,37.5574954945237,127.023556547484,37.5577257428027,127.024232172299,76,1,금호동1가,성동구 행당로1길 13,1
37.546795492412855,127.011034549317,8.261112217403037,138.07059794677005,37.5462920770572,127.009879731064,37.5472989077685,127.01218936757,278,1,옥수동,"성동구 매봉길 50 (옥수동, 이편한세상옥수파크힐스)",1
37.54060812294945,127.010374468535,11.877009693441057,155.79670582429335,37.540657325269,127.009773757089,37.5405589206299,127.010975179981,295,1,옥수동,성동구 독서당로39길 38,1
37.5429997874096,127.0159831311685,4.9344488052594055,192.28988221211583,37.5439320971177,127.015647091485,37.5420674777015,127.016319170852,460,1,옥수동,성동구 한림말1길 17-14 (옥수동),1
37.56084989119075,127.02576191688748,7.069166605407872,126.62790733498376,37.5615293048656,127.024651500492,37.5601704775159,127.026872333283,100,1,하왕십리동,성동구 난계로 114-31,1
37.56296541716195,127.0268551740455,11.648818916856143,119.32785712147566,37.5624963338002,127.026369160224,37.5634345005237,127.027341187867,50,1,하왕십리동,성동구 왕십리로31길 20,1
37.55391555609245,127.03247699520053,10.046398639955108,182.80293752218336,37.5526653231969,127.031360642809,37.555165788988,127.033593347592,70,1,행당동,성동구 독서당로 441,1
37.553598219617,127.020460106505,5.327313390063389,108.13460453925248,37.5536805217231,127.021003460867,37.5535159175109,127.019916752143,61,1,금호동2가,성동구 무수막길 86,1
37.5407834482403,127.0123231256145,5.883975081159109,52.659984273871146,37.5408496346983,127.011382906693,37.5407172617823,127.013263344536,130,1,옥수동,성동구 한림말길 10-20 (옥수동),1
37.54990693296135,127.031634308196,7.22187733299018,146.55005211949202,37.549909958908,127.031101472181,37.5499039070147,127.032167144211,230,1,응봉동,성동구 독서당로62길 43,1
37.54598350308615,127.0177961280055,2.451595749613354,91.9134449190106,37.5458482443677,127.017621661178,37.5461187618046,127.017970594833,500,1,금호동4가,성동구 독서당로 251 (금호동4가),1
37.55648000657385,127.017992044184,3.364894943883054,143.16748094393347,37.5562046295135,127.016725380867,37.5567553836342,127.019258707501,270,1,금호동2가,"성동구 금호로 173 (금호동2가, 신금호파크자이)",1
37.54722547391065,127.02306853435452,5.384122983432661,117.6680611930524,37.5477722777646,127.023131846656,37.5466786700567,127.023005222053,348,1,금호동4가,성동구 독서당로46길 34,1
37.55221649944415,127.0221712798485,1.0786022202690446,121.36289320031604,37.5513725315125,127.022906964406,37.5530604673758,127.021435595291,165,1,금호동2가,성동구 무수막18길 20-24 (금호동2가),1
37.5577175351074,127.024053350333,3.42405268814858,154.8511374270938,37.5577093274121,127.023874528367,37.5577257428027,127.024232172299,310,1,금호동1가,성동구 난계로 61-13,1
37.55124785937975,127.019500656016,8.089923628207924,135.71259385585117,37.5508293932257,127.01948555236,37.5516663255338,127.019515759672,160,1,금호동3가,성동구 금호산길 34-1,1
37.5374605758837,126.9897087863705,12.403928103468136,214.81011809973893,37.5378788064556,126.989033359409,37.5370423453118,126.990384213332,390,1,이태원동,용산구 녹사평대로46가길 27-40,1
37.5419249605234,126.9627307695275,5.367792674240363,128.79480051396695,37.5416783175446,126.962320543272,37.5421716035022,126.963140995783,80,1,효창동,용산구 효창원로72길 6,1
37.55087091194165,126.963962544298,7.355880378050007,150.15777742455165,37.5508420507289,126.963866649642,37.5508997731544,126.964058438954,64,1,서계동,용산구 효창원로104길 3,1
37.54074137795335,126.9964083569165,6.256560296921926,418.39271758763135,37.5407422754533,126.996293282177,37.5407404804534,126.996523431656,100,1,이태원동,용산구 회나무로44길 2 (이태원동),1
37.54611222132135,126.9852184604605,2.826497043538529,165.29738722966582,37.5462583133585,126.985178825879,37.5459661292842,126.985258095042,130,1,용산동2가,용산구 소월로20길 10,1
37.56482255719115,127.022979672956,1.8496007766921776,109.33170383174556,37.5649279604204,127.022353778248,37.5647171539619,127.023605567664,140,1,신당동,중구 다산로44길 107,1
37.54965952669125,127.0079304625275,17.677447691223282,228.1083552451119,37.5496517899605,127.007753924921,37.549667263422,127.008107000134,60,1,신당동,중구 다산로4길 7,1
37.555872078289,127.00739495916348,7.4986025381938495,164.31929279568652,37.5562070218295,127.007431830399,37.5555371347485,127.007358087928,92,1,신당동,중구 동호로17가길 12,1
37.550319117299054,127.0061759001275,9.54814600752825,251.02285790044863,37.550482503088,127.006372369098,37.5501557315101,127.005979431157,40,1,신당동,중구 동호로11바길 27 (신당동),1
37.554176156583594,127.0069476509315,5.563974145806482,96.79135592809504,37.5541531089295,127.007409218495,37.5541992042377,127.006486083368,128,1,신당동,중구 동호로15길 97-12,1
37.5504792410046,127.01963093407552,7.870650124098745,135.71259385585117,37.5492921564754,127.019746108479,37.5516663255338,127.019515759672,340,1,금호동3가,성동구 금호산길 22-10,1
37.545859146008354,127.017613237667,1.6045808999876443,100.07363981043876,37.546364692663,127.018243708045,37.5453535993537,127.016982767289,187,1,금호동4가,성동구 독서당로 251-24,1
37.5470057216622,127.0232894134715,6.117936116179507,119.26103980825756,37.5466786700567,127.023005222053,37.5473327732677,127.02357360489,237,1,금호동4가,성동구 금호로 17,1
37.552968587230254,127.03087889255,10.509925001643868,211.5794802052355,37.5530604186913,127.029941999268,37.5528767557692,127.031815785832,260,1,응봉동,성동구 독서당로59다길 16-2 (응봉동),1
37.561829313352206,127.08900094262752,10.736155280805256,84.69455433092897,37.561861888647,127.088636701968,37.5617967380574,127.089365183287,110,1,중곡동,광진구 용마산로8가길 48-7,1
37.546903029543245,127.070525598876,0.4769931483492579,284.3342314348276,37.5469073922244,127.070613019409,37.5468986668621,127.070438178343,80,1,화양동,광진구 군자로 42 (화양동),1
37.549542918902645,127.092906459645,15.071674281075127,117.73967894891386,37.5494562524434,127.092837038883,37.5496295853619,127.092975880407,130,1,구의동,광진구 천호대로137길 9,1
37.550026879505594,127.1090879755815,2.0232365375308774,149.85342727871677,37.5503995596063,127.109302231042,37.5496541994049,127.108873720121,150,1,광장동,광진구 아차산로78길 10,1
37.55386462234735,127.0790153392065,1.0376219652323386,270.53229539826236,37.5539425293948,127.079059048857,37.5537867152999,127.078971629556,130,1,능동,광진구 능동로30길 19,1
37.5322745522341,127.0840530066055,0.4960027993419071,108.18654431742108,37.53249516826,127.083981354795,37.5320539362082,127.084124658416,100,1,자양동,광진구 뚝섬로59길 5,1
37.53335181853135,127.077213549128,0.079489263312727,111.3292646728442,37.5333098494169,127.077255650486,37.5333937876458,127.07717144777,40,1,자양동,광진구 자양로13다길 51 (자양동),1
37.55003628463985,127.0956949528745,5.920823350048385,121.01359563755022,37.5498788009617,127.09512575723,37.550193768318,127.096264148519,125,1,구의동,광진구 자양로44길 81,1
37.56197147736315,127.0861032830015,2.3847618838328875,85.70636842053774,37.561825614027,127.085907025253,37.5621173406993,127.08629954075,100,1,중곡동,"광진구 능동로48길 65 (중곡동, 다우하우스)",1
37.570717843083955,127.087272029009,10.753974802127637,271.02248753558797,37.5707258119851,127.086425498827,37.5707098741828,127.088118559191,200,1,중곡동,광진구 용마산로36길 18,1
37.553531132256694,127.0952918370715,13.525123850644082,182.2080801782246,37.5534280595154,127.095178478827,37.553634204998,127.095405195316,240,1,구의동,광진구 영화사로16가길 24,1
37.55541595784625,127.094467568289,8.188607414908722,275.5602678336596,37.5548977135453,127.093667571274,37.5559342021472,127.095267565304,30,1,구의동,"광진구 영화사로11길 22 (구의동, 상평그린빌)",1
37.555631364795005,127.0942128031525,7.914002240169151,263.81322959392253,37.5551290899361,127.093439817602,37.5561336396539,127.094985788703,60,1,중곡동,광진구 영화사로9가길 6-14,1
37.55427821652225,127.0955398963215,7.338556244874387,201.605526770636,37.5544584320115,127.094740682557,37.554098001033,127.096339110086,450,1,구의동,광진구 영화사로16길 12-3 (구의동),1
37.56348653126745,127.08783597264848,7.969262222131024,143.27439333797298,37.5633936413067,127.087226755905,37.5635794212282,127.088445189392,70,1,중곡동,광진구 용마산로22길 12 (중곡동),1
37.56993399532735,127.0873683486275,9.454662821570643,300.1233094115096,37.5699793510196,127.086407091024,37.5698886396351,127.088329606231,30,1,중곡동,광진구 용마산로32길 17-12,1
37.5674121325339,127.089145902513,10.197796384587932,242.42700053323415,37.56759872711,127.088253101153,37.5672255379578,127.090038703873,50,1,중곡동,광진구 용마산로28길 51,1
37.54673764998175,127.015481613185,3.0702271692000647,137.22137654173622,37.5480276263796,127.015358252458,37.5454476735839,127.015604973912,50,1,금호동4가,성동구 매봉길 24,1
37.5526906647437,127.028973689945,9.88656953475509,205.7530512263952,37.5528748648477,127.029377322573,37.5525064646397,127.028570057317,40,1,금호동1가,성동구 독서당로57가길 24 (금호동1가),1
37.55100953038155,127.02140739534,0.6018018636007926,89.8391311513938,37.5505481318597,127.021392438543,37.5514709289034,127.021422352137,60,1,금호동3가,성동구 금호산8길 14,1
37.55648000657385,127.017992044184,3.364894943883054,143.16748094393347,37.5562046295135,127.016725380867,37.5567553836342,127.019258707501,90,1,금호동2가,"성동구 금호로 173 (금호동2가, 신금호파크자이)",1
37.54187180124965,127.0154963379545,1.5636956214572508,188.9874270283391,37.5426294442931,127.015554372439,37.5411141582062,127.01543830347,170,1,옥수동,성동구 한림말길 43,1
37.54313461240575,127.0157191707565,5.962371956240367,184.8169530927291,37.5423782690925,127.016052082944,37.543890955719,127.015386258569,60,1,옥수동,성동구 한림말3길 24,1
37.546795492412855,127.011034549317,8.261112217403037,138.07059794677005,37.5462920770572,127.009879731064,37.5472989077685,127.01218936757,67,1,옥수동,"성동구 매봉길 50 (옥수동, 이편한세상옥수파크힐스)",1
37.56296541716195,127.0268551740455,11.648818916856143,119.32785712147566,37.5624963338002,127.026369160224,37.5634345005237,127.027341187867,70,1,하왕십리동,성동구 왕십리로31길 20,1
37.5584581671088,127.0291931652705,2.325086116171585,173.59601837384176,37.5577089897922,127.0293680158,37.5592073444254,127.029018314741,210,1,행당동,성동구 행당로 79,1
37.5614577502579,127.0440246224815,1.1860719493976837,56.50436565403163,37.5619188387132,127.042324044658,37.5609966618026,127.045725200305,170,1,사근동,성동구 마조로 42,1
37.5997639930184,127.024068305106,1.1655199839734618,39.86641865714388,37.6005352305941,127.025003863043,37.5989927554427,127.023132747169,150,1,돈암동,성북구 동소문로34길 24,1
37.5490230036345,127.141994704266,0.7407894921025859,41.551534623112005,37.5491327312886,127.141406858006,37.5489132759804,127.142582550526,124,1,천호동,강동구 구천면로68가길 11-4,1
