,시점_위도,시점_경도,종점_위도,종점_경도,길이,시작점_고도,종료점_고도,고도의_차이,경사각,중점_위도,중점_경도
0,37.5899259224481,126.993697413249,37.5911597878256,126.99292883474,160,62.08000564575195,93.83267974853516,31.752674102783203,11.724226647768818,37.59054285513685,126.9933131239945
1,37.6115743281972,126.97860912062,37.6152467098057,126.976916925012,150,149.5203704833984,187.8926391601562,38.372268676757784,5.044559044910811,37.61341051900145,126.977763022816
2,37.6100641847087,126.975395459262,37.6126670190348,126.975237736631,210,118.210578918457,158.2078094482422,39.997230529785185,7.859327073218745,37.61136560187175,126.9753165979465
3,37.6062399217122,126.957832848779,37.6045599278703,126.957060994699,190,92.29252624511719,127.5000534057617,35.20752716064452,10.043141322963777,37.60539992479125,126.957446921739
4,37.5834416442373,126.985408757535,37.5831855099227,126.988884857967,355,48.98150634765625,42.39490509033203,6.586601257324219,1.2265626728625276,37.58331357708,126.987146807751
5,37.5763258807211,127.006240762469,37.5772231140518,127.007399956737,175,35.65808486938477,59.46995162963867,23.8118667602539,9.467531923640276,37.57677449738645,127.00682035960301
6,37.6000235720178,126.957422235637,37.6010324031386,126.956657274744,130,57.42071914672852,79.2295150756836,21.80879592895507,9.461556530256175,37.600527987578204,126.9570397551905
7,37.6080293812741,126.972114171475,37.611074226103,126.97043376426,130,103.8609161376953,167.0561218261719,63.195205688476605,9.704954260255702,37.60955180368855,126.97127396786749
8,37.5911310619203,126.993196733417,37.5907244725472,126.992199582397,80,91.126220703125,104.7586059570312,13.632385253906193,7.855389750784038,37.59092776723375,126.992698157907
9,37.5796115467616,127.015785652155,37.5801366168773,127.017280257699,200,39.47991180419922,56.53482818603516,17.054916381835945,6.751263837332579,37.57987408181945,127.016532954927
10,37.6010324031386,126.956657274744,37.6045150589039,126.957061926471,550,79.2295150756836,127.9699325561523,48.74041748046871,7.143736119138223,37.60277373102125,126.9568596006075
11,37.6077545125345,126.971457409234,37.608877397789,126.971013929455,200,105.8686141967773,143.0448303222656,37.176216125488295,15.863100441816101,37.60831595516175,126.97123566934451
12,37.6078965614435,126.962331672772,37.6050289696652,126.965229787087,530,146.0325775146484,82.42235565185547,63.61022186279294,8.851412895640365,37.606462765554355,126.9637807299295
13,37.6081571945018,126.961978304696,37.6088521717336,126.962396991545,100,151.8068237304688,175.2858123779297,23.47898864746088,15.333527153634677,37.6085046831177,126.9621876481205
14,37.5480300702135,126.965185666987,37.5484092538349,126.965027515487,120,66.00398254394531,65.30827331542969,0.695709228515625,0.8975238646929679,37.548219662024195,126.965106591237
15,37.546841806299,126.963603219593,37.5473049014312,126.963543924367,300,56.95152282714844,62.01811981201172,5.066596984863281,5.590825215202967,37.5470733538651,126.96357357197999
16,37.5283743260401,127.005937416925,37.5289897960706,127.003869953309,200,16.42526435852051,48.79951858520508,32.37425422668457,9.438879850826375,37.52868206105535,127.004903685117
17,37.5355547558041,127.011073220662,37.5356019057174,127.010775094877,180,35.54317092895508,33.79009246826172,1.7530784606933594,3.741894138945617,37.53557833076075,127.0109241577695
18,37.5434592898007,126.983958548185,37.541676650345,126.984546191803,230,86.72667694091797,64.14156341552734,22.585113525390625,6.290657651886152,37.54256797007285,126.98425236999401
19,37.5433914870279,126.990083310522,37.544240450762,126.990597720289,324,67.06868743896484,81.59735107421875,14.528663635253906,7.897959003062933,37.54381596889495,126.9903405154055
20,37.5378106641032,127.012159762543,37.5373545438076,127.011601199778,225,54.61517333984375,47.65884399414062,6.956329345703132,5.6197067114019985,37.5375826039554,127.0118804811605
21,37.5457516455738,126.973212393906,37.546472078087,126.973184525124,90,19.94414710998535,26.42303085327148,6.478883743286129,4.6216496767228765,37.5461118618304,126.973198459515
22,37.5466331314035,126.966962136966,37.5472233912175,126.967017325312,70,43.85683441162109,54.22019195556641,10.363357543945327,8.948565793027436,37.5469282613105,126.966989731139
23,37.5497977040106,127.030020362088,37.55192448574,127.030468907837,350,36.10050964355469,73.65049743652344,37.54998779296875,8.900685975294598,37.5508610948753,127.0302446349625
24,37.557200803801,127.030175893046,37.5555734632564,127.032070893723,240,21.74753761291504,37.8736686706543,16.126131057739258,3.7465070250200663,37.5563871335287,127.0311233933845
25,37.5563934779062,127.033311867144,37.5560488428796,127.033956693859,80,25.75473403930664,23.73685836791992,2.0178756713867223,1.6860261571177557,37.556221160392894,127.0336342805015
26,37.5857401586633,126.926191726203,37.5856054779605,126.927675933535,155,68.78469848632812,98.78654479980469,30.001846313476562,12.839227435406494,37.5856728183119,126.926933829869
27,37.5867691552474,126.934221910291,37.5862718203638,126.932332366623,300,51.19012451171875,102.8646469116211,51.674522399902344,16.411929497828112,37.5865204878056,126.933277138457
28,37.5473557182361,126.959403107996,37.547132626274,126.96072132575,260,41.78532791137695,54.95820236206055,13.172874450683594,6.32550033303485,37.54724417225505,126.960062216873
29,37.5544795351034,126.930252504878,37.553263664264,126.929839435682,135,24.04332542419434,42.6110725402832,18.567747116088864,7.553984804055477,37.5538715996837,126.93004597027999
30,37.5545466515131,126.944316890039,37.5542612773167,126.94560940832,130,54.72400283813477,37.97814178466797,16.745861053466804,8.05860887943313,37.5544039644149,126.9449631491795
31,37.5543686640881,126.938256337764,37.5537661440378,126.939429850191,160,24.96958541870117,43.95560455322266,18.986019134521495,8.757373490432926,37.55406740406295,126.93884309397751
32,37.5553663746,126.942799532588,37.5549061277683,126.942763895509,145,48.88290405273438,58.36001968383789,9.477115631103509,10.47206533539996,37.55513625118415,126.9427817140485
33,37.5499409446972,126.947293953741,37.5495309076843,126.948124416509,80,25.72197723388672,35.08533477783203,9.363357543945312,6.1959072501644235,37.54973592619075,126.947709185125
34,37.5373071864777,126.944273138606,37.5371155687679,126.944902597222,65,10.15891265869141,12.44553375244141,2.28662109375,2.202657930748493,37.537211377622796,126.944587867914
35,37.5516706026731,126.962122449453,37.5525620193788,126.96147025811,130,53.54077529907227,58.62904357910156,5.08826828002929,2.5425296660984147,37.55211631102595,126.9617963537815
36,37.5746681863017,126.895705587776,37.5745019390263,126.89457425104,140,28.11894607543945,39.8361930847168,11.717247009277347,6.591404139905194,37.574585062664,126.895139919408
37,37.5457881091832,126.925473875852,37.5456936698369,126.924458258392,100,13.07000064849854,15.30262279510498,2.23262214660644,1.4186235916046832,37.54574088951005,126.924966067122
38,37.5478666377866,126.947231138342,37.5490468747023,126.947882129056,170,20.37125968933105,29.39388656616211,9.022626876831058,3.6043609553082177,37.54845675624445,126.94755663369901
39,37.5568078213776,126.961563818515,37.5560128235311,126.962536393289,110,63.43334579467773,72.525390625,9.092044830322273,4.222614889679715,37.556410322454354,126.962050105902
40,37.4963601653172,127.0206782251,37.4987321235919,127.015601806503,420,14.02682590484619,22.62930679321289,8.602480888366701,0.9482531830182814,37.497546144454546,127.01814001580149
41,37.5080330585335,127.02013934791,37.5070275481631,127.020597133674,100,18.13716125488281,14.92353820800781,3.2136230468749982,1.548521736844732,37.507530303348304,127.02036824079201
42,37.508954953671,127.020215374681,37.5074946188072,127.021165367947,210,20.0875415802002,14.65017318725586,5.4373683929443395,1.7044224829588583,37.5082247862391,127.020690371314
43,37.4844390832049,126.996981924928,37.4852873172687,126.998192277759,137,25.44288063049316,50.89011383056641,25.447233200073253,10.126183082445069,37.4848632002368,126.9975871013435
44,37.4789301165027,127.005885340041,37.4784412006265,127.00447276598,240,62.20957946777344,62.14345550537109,0.06612396240235086,0.02785995379188223,37.4786856585646,127.0051790530105
45,37.479599381272,126.991146359906,37.4801031384892,126.992490466395,400,43.86674880981445,52.7088508605957,8.84210205078125,3.8565285708506,37.479851259880604,126.9918184131505
46,37.4933119004012,127.021565172107,37.4955580884339,127.02068218802,280,19.34053039550781,13.25629711151123,6.0842332839965785,1.3321739534993136,37.49443499441755,127.02112368006351
47,37.4933119004012,127.021565172107,37.4947262215843,127.021007068413,190,19.34053039550781,16.04342269897461,3.2971076965331996,1.1461955162646522,37.494019060992755,127.02128612026
48,37.4852873172687,126.998192277759,37.4849414462466,126.995711597881,240,50.89011383056641,17.1249885559082,33.76512527465822,8.639143254244303,37.485114381757654,126.99695193782
49,37.4789324883088,126.989374143499,37.4807175482481,126.988218298807,420,31.73384094238281,51.66978073120117,19.935939788818363,5.104940695223786,37.47982501827845,126.988796221153
50,37.4968694056335,126.998034810601,37.4951858673722,126.997642345838,220,16.42022323608398,32.83009338378906,16.40987014770508,4.926557988064424,37.496027636502845,126.9978385782195
51,37.5112726677744,127.019318046251,37.5114637259177,127.019590570047,70,24.45510101318359,25.38978958129883,0.9346885681152415,1.66889666854244,37.51136819684605,127.019454308149
52,37.5145397044143,127.020415391742,37.5148821606457,127.021016562579,70,27.67208099365234,36.64574813842773,8.973667144775387,7.8270706168950435,37.514710932529994,127.0207159771605
53,37.5159080105531,127.024463761604,37.5166802206499,127.025505235281,180,46.43099975585938,38.41347122192383,8.017528533935554,3.648417450295452,37.5162941156015,127.0249844984425
54,37.4869382855028,127.034710319273,37.4866931528684,127.034908642925,55,28.82892799377441,28.1027774810791,0.726150512695309,1.2842607718116208,37.4868157191856,127.034809481099
55,37.4883349194752,127.033842346154,37.4878807894637,127.034231558997,80,29.68645668029785,30.80280303955078,1.1163463592529297,1.047283478003434,37.48810785446945,127.0340369525755
56,37.5061839005349,127.028936478886,37.5069637441071,127.028091921984,100,33.40819549560547,19.84915351867676,13.559041976928707,6.763959088328066,37.506573822321,127.028514200435
57,37.5278506371747,127.046121397919,37.5288873925075,127.046649802674,130,34.18791198730469,19.85934829711914,14.328563690185547,6.57344354255548,37.528369014841104,127.0463856002965
58,37.5185183147673,127.06409885511,37.5188323316079,127.063733978754,75,26.16595649719238,33.19145202636719,7.025495529174808,8.416071676786899,37.5186753231876,127.063916416932
59,37.5059164529797,127.028313428889,37.5063531532944,127.027235645333,100,36.09410095214844,25.87432670593262,10.219774246215817,5.468370945058148,37.506134803137044,127.027774537111
60,37.5173580589297,127.036154866723,37.5174550158743,127.036709973475,60,36.82682800292969,36.67698669433594,0.14984130859375,0.17125504701290964,37.517406537401996,127.036432420099
61,37.51625004573,127.045193621733,37.5143706643262,127.045370638713,105,37.61415481567383,41.26638412475586,3.6522293090820312,0.9984542222183691,37.5153103550281,127.045282130223
62,37.5016428104731,127.026336096148,37.5017915051523,127.027398311446,130,16.93766403198242,26.68405342102051,9.746389389038093,5.848471157425623,37.5017171578127,127.026867203797
63,37.5001056055771,127.062341077644,37.5003851860407,127.063023470075,30,15.5888147354126,13.93816375732422,1.650650978088379,1.3956340629969237,37.5002453958089,127.06268227385951
64,37.5111105102979,127.038949878537,37.5118852568171,127.039031944779,155,57.48261642456055,59.52665710449219,2.0440406799316406,1.3544374802064787,37.511497883557496,127.038990911658
65,37.5145833760924,127.043739019337,37.5140989775816,127.044512980639,100,47.69575500488281,46.17734909057617,1.5184059143066406,1.0004026374552235,37.514341176837,127.044125999988
66,37.5163902034295,127.037872154213,37.5167635081981,127.037812844426,60,44.71001434326172,41.01764297485352,3.692371368408196,5.043527716180388,37.5165768558138,127.03784249931951
67,37.5230042633715,127.050463180352,37.5229612313395,127.049311659539,200,34.30763626098633,22.59015083312988,11.717485427856449,6.574666730953562,37.5229827473555,127.04988741994549
68,37.5021658944961,127.064926284117,37.5015123626981,127.065474666225,100,21.6370849609375,17.61663055419922,4.020454406738281,2.636844134861921,37.5018391285971,127.065200475171
69,37.4858589420246,127.098733942272,37.4848171725108,127.09962127548,130,19.3453540802002,36.67856216430664,17.33320808410644,7.066975184376015,37.4853380572677,127.099177608876
70,37.5023991955137,127.04489541391,37.5023028920315,127.048286565491,100,27.38744354248047,28.92461204528809,1.5371685028076207,0.2942233006354606,37.502351043772606,127.04659098970049
71,37.5187602541694,127.061519634361,37.5184313582183,127.061403758352,90,53.13018417358398,45.38389205932617,7.746292114257805,11.529949575715559,37.51859580619385,127.0614616963565
72,37.5159826957472,127.038101795376,37.5156722512682,127.038252530632,60,48.88529968261719,54.06051254272461,5.175212860107422,7.9641610397617635,37.5158274735077,127.038177163004
73,37.5034979062143,127.027841927694,37.5047770949875,127.029567016181,260,30.7635555267334,47.78302001953125,17.01946449279785,4.671067323221697,37.504137500600905,127.0287044719375
74,37.5017450016757,127.029323011449,37.5010282716135,127.028875568682,130,47.54612350463867,38.82543182373047,8.720691680908203,5.600302220633766,37.5013866366446,127.02909929006549
75,37.5108368999065,127.03162940528,37.5112256351655,127.030089284295,170,46.87746429443359,34.094970703125,12.782493591308587,5.123811677371268,37.511031267536,127.0308593447875
76,37.5060497681124,127.030615604146,37.505812055844,127.030371553858,55,41.62686538696289,41.64445114135742,0.01758575439453125,0.02955696154223549,37.5059309119782,127.03049357900201
77,37.5010140537786,127.041259156695,37.501081812192,127.041508447083,50,42.03937911987305,39.5246696472168,2.51470947265625,6.174095912671018,37.5010479329853,127.041383801889
78,37.5206583357764,127.043888604174,37.5206680543741,127.046510410614,285,33.32678604125977,21.38089179992676,11.945894241333011,2.9574579876303577,37.52066319507525,127.045199507394
79,37.5168459639768,127.022136047241,37.5150254952533,127.023030453954,205,25.13177299499512,46.12115859985352,20.989385604858402,5.518334154711482,37.51593572961505,127.0225832505975
80,37.5139723982051,127.020611936716,37.5141155206327,127.021383731851,120,31.12963104248047,44.27803421020508,13.14840316772461,10.651825044350781,37.5140439594189,127.02099783428349
81,37.5234029603445,127.053525514351,37.5233959825056,127.054597367919,120,29.5622673034668,23.73406600952148,5.82820129394532,3.528110809870899,37.52339947142505,127.05406144113499
82,37.514378786536,127.05291833469,37.515335610642,127.053411729418,150,38.22788238525391,48.77910614013672,10.551223754882805,5.2444824677755815,37.514857198589,127.05316503205401
83,37.5178968306498,127.061849678489,37.518633091547,127.060709041508,145,32.58503723144531,49.31121444702148,16.726177215576165,7.348232487906857,37.5182649610984,127.06127935999851
84,37.5098344702817,127.031860507109,37.5102974954907,127.031864323279,90,42.93949508666992,46.39294815063477,3.453453063964851,3.837313478734844,37.5100659828862,127.031862415194
85,37.5155562421702,127.029649316304,37.5156103263369,127.029191455592,60,30.5777416229248,31.84217071533203,1.2644290924072301,1.7738656423197257,37.51558328425355,127.029420385948
86,37.5122184281891,127.031221781311,37.5119532649951,127.030870019175,60,37.76725769042969,37.16702651977539,0.6002311706542969,0.803436490467893,37.5120858465921,127.031045900243
87,37.513219955786,127.035770786374,37.5133383963649,127.036202582773,70,54.78501892089844,60.96150970458984,6.176490783691399,8.713978374242672,37.51327917607545,127.0359866845735
88,37.5129362396255,127.031964981107,37.5120089769516,127.032765953949,130,35.91449737548828,46.55963897705078,10.6451416015625,4.868077710166401,37.51247260828855,127.032365467528
89,37.5206217657868,127.04505655428,37.5216951404856,127.045500413098,60,27.80295944213867,26.04982948303223,1.7531299591064382,0.7996270131949513,37.521158453136195,127.045278483689
90,37.5282696741441,127.048199556431,37.5284780233551,127.048327982849,55,18.74980735778809,18.23751258850098,0.5122947692871094,1.1380980412154595,37.528373848749595,127.04826376964
91,37.5036443090517,127.029373742289,37.5042070691769,127.029765274799,100,44.84565353393555,48.10989379882812,3.264240264892571,2.6148732635362597,37.5039256891143,127.029569508544
92,37.5056300046993,127.029494630464,37.5052791333217,127.029574339319,80,40.43361663818359,43.67426681518555,3.2406501770019602,4.673227747802159,37.505454569010496,127.0295344848915
93,37.5033220002485,127.034447606469,37.5034802870432,127.035127040048,100,47.71157836914062,48.11993026733398,0.4083518981933594,0.37454979288204493,37.50340114364585,127.0347873232585
94,37.503106707968,127.033017203918,37.5026847792181,127.033294776162,60,47.54640960693359,46.17040634155273,1.3760032653808594,1.4894020180123386,37.50289574359305,127.03315599004
95,37.4854101563589,127.034775756836,37.485440479619,127.034913826512,30,30.5563907623291,29.56780052185059,0.9885902404785121,4.471910662875516,37.485425317988955,127.034844791674
96,37.5095860766998,127.030790776271,37.509495572388,127.030957001889,50,36.79934692382812,37.19857788085938,0.3992309570312642,1.2860491407752057,37.5095408245439,127.03087388908
97,37.5179439234854,127.038615211138,37.5181145575528,127.039481096172,100,36.76086807250977,42.85003662109375,6.089168548583977,4.424887672647473,37.5180292405191,127.03904815365499
98,37.5110826369982,127.049396251711,37.5112942657354,127.04986600998,70,42.0858268737793,36.19779586791992,5.888031005859375,7.044169015223667,37.5111884513668,127.0496311308455
99,37.4641310530579,127.106762083418,37.4642840140808,127.106696288036,30,20.78021430969238,21.53995132446289,0.7597370147705114,2.4205782553777633,37.46420753356935,127.106729185727
100,37.5195029758336,127.026318277671,37.5196840123444,127.026205900653,70,26.28231811523438,25.6286792755127,0.6536388397216797,1.6686154708081227,37.519593494089,127.026262089162
101,37.4714960885035,127.094495808084,37.4726550843713,127.09580546288,90,45.17774200439453,34.02262496948242,11.15511703491211,3.6870390949681435,37.4720755864374,127.095150635482
102,37.5599713242202,127.018046356659,37.5599823683376,127.019422404394,305,37.07819366455078,35.19481658935547,1.8833770751953125,0.8895427996148317,37.5599768462789,127.0187343805265
103,37.5652019304225,127.023852244339,37.5633422415693,127.024451759871,105,26.69402885437012,52.77783966064453,26.08381080627441,6.967619521335446,37.5642720859959,127.024152002105
104,37.5503044782966,127.012857760279,37.548274168646,127.011074083496,155,79.7035903930664,104.9074783325195,25.203887939453097,5.23418069566677,37.5492893234713,127.01196592188751
105,37.5349979602561,127.008639783691,37.5347647400939,127.01027850691,44,20.86659049987793,28.79047775268555,7.923887252807621,3.089593822879781,37.534881350175,127.0094591453005
106,37.5455293912538,127.021869551034,37.5466786700567,127.023005222053,5,37.51111602783203,25.88261032104492,11.628505706787113,4.096997277361944,37.54610403065525,127.0224373865435
107,37.5460598514009,127.013847173899,37.544859529316,127.016067891193,135,59.65777206420898,41.03425598144531,18.623516082763665,4.493996016532,37.54545969035845,127.01495753254599
108,37.5408516354883,127.012951410224,37.5404670198709,127.012756271869,30,36.73290634155273,42.56161117553711,5.828704833984382,7.206273605405873,37.540659327679606,127.0128538410465
109,37.5557032968507,127.022758334778,37.5560337027167,127.022232627725,40,68.74777221679688,76.1346664428711,7.386894226074219,7.1198871265585,37.5558684997837,127.0224954812515
110,37.5566654559853,127.027875843981,37.556602469483,127.027520677046,40,30.79715347290039,33.47143173217773,2.6742782592773366,4.765056604274437,37.55663396273415,127.02769826051349
111,37.5552686461713,127.033405300099,37.5543710515072,127.032836890544,350,26.38525581359863,38.13194274902344,11.746686935424808,6.004418785180271,37.554819848839244,127.0331210953215
112,37.5632479494609,127.027533987194,37.5629844960873,127.026759027395,50,49.37780380249023,61.15593338012695,11.778129577636726,9.004845464572565,37.5631162227741,127.0271465072945
113,37.5591982283344,127.023859158358,37.5615293048656,127.024651500492,330,66.18773651123047,63.43664932250977,2.751087188720696,0.5871528505879899,37.560363766600005,127.02425532942499
114,37.5653731664424,127.088388565322,37.5668797092524,127.08852504225,76,56.53568267822266,65.83380889892578,9.298126220703118,3.1687776085933375,37.5661264378474,127.088456803786
115,37.5518329098888,127.109741717939,37.5510729137918,127.110615495296,140,39.02730560302734,17.24307441711426,21.784231185913075,10.78626200697942,37.5514529118403,127.1101786066175
116,37.5502913480309,127.111233695078,37.5494236463188,127.109930112048,140,4.0,20.23128890991211,16.23128890991211,6.17368192482629,37.549857497174855,127.110581903563
117,37.5916812463359,127.045596430584,37.5897100243205,127.047053681935,160,29.94110298156738,58.66291046142578,28.721807479858402,6.450782185470594,37.5906956353282,127.04632505625949
118,37.5868931669239,127.050316634557,37.5869711119619,127.050083225202,20,32.38231658935547,33.6558952331543,1.2735786437988281,3.2660063456346404,37.5869321394429,127.05019992987951
119,37.5888074156773,127.057423964452,37.5889254604136,127.056835063815,40,23.17946243286133,23.26352691650391,0.08406448364257812,0.08998914468744995,37.58886643804545,127.05712951413349
120,37.5735347545493,127.06085874425,37.5730318293454,127.061013758519,15,43.88908767700195,40.5252571105957,3.36383056640625,3.3441657720155202,37.57328329194735,127.0609362513845
121,37.5809978555655,127.087176645624,37.580926444595,127.087733678026,10,21.87504386901855,22.0749397277832,0.19989585876464844,0.23033198445273498,37.58096215008025,127.087455161825
122,37.5989176853414,127.082800133817,37.5983951273722,127.082776340879,50,22.69027519226074,22.82584953308105,0.1355743408203125,0.13359724033661347,37.598656406356795,127.082788237348
123,37.6004678960039,127.112843796305,37.6046950906389,127.113293207203,230,82.18159484863281,56.84274673461914,25.338848114013672,3.0748219341174945,37.602581493321395,127.113068501754
124,37.5957670040685,127.020835694762,37.5963477731105,127.021395352183,80,47.45301055908203,51.5437126159668,4.090702056884766,2.8822269021164133,37.5960573885895,127.0211155234725
125,37.6113247609887,127.020849661284,37.6141052663502,127.015871658021,200,59.87747955322266,105.8940811157227,46.016601562500036,4.902166666935132,37.61271501366945,127.0183606596525
126,37.5944725333435,127.012706037821,37.5958756496148,127.008710342034,116,69.02139282226562,134.8293304443359,65.80793762207028,9.698275414047046,37.59517409147915,127.0107081899275
127,37.6492704434076,127.019690507903,37.6486953191213,127.019849449907,26,34.51581192016602,33.92183303833008,0.5939788818359446,0.5198515802864955,37.64898288126445,127.019769978905
128,37.6491643645203,127.022401551192,37.6478482598601,127.022126710807,36,36.17290878295898,29.80646133422852,6.366447448730458,2.4576557556819156,37.6485063121902,127.0222641309995
129,37.6228595616596,127.032133873521,37.6225755045054,127.031711575173,20,64.6080093383789,55.39736938476562,9.210639953613288,10.689512230533094,37.6227175330825,127.031922724347
130,37.616442424527,127.009121176859,37.6169493934888,127.00812256797,300,108.1001968383789,114.1385269165039,6.038330078125,3.307969766370479,37.6166959090079,127.0086218724145
131,37.627201322889,127.015716753706,37.6274161618297,127.016709945659,70,60.76705169677734,57.16180419921875,3.6052474975585866,2.2770045567513897,37.62730874235935,127.0162133496825
132,37.6495855676262,127.030121107218,37.6496449235716,127.030544820248,20,48.02856826782227,47.61495590209961,0.41361236572266336,0.6255394374177718,37.649615245598895,127.030332963733
133,37.6482948719595,127.033276949967,37.6482435494519,127.032835682303,50,40.63715744018555,40.94745254516602,0.31029510498047586,0.45275550646904905,37.6482692107057,127.033056316135
134,37.6491019267022,127.027510920171,37.6489815490715,127.027921076558,30,41.56435012817383,43.82863616943359,2.2642860412597585,3.3648449233570727,37.64904173788685,127.0277159983645
135,37.6549476920867,127.018733737519,37.655368428347,127.018874932653,37,58.85273742675781,68.75,9.897262573242188,11.555437296790862,37.65515806021685,127.018804335086
136,37.6516832255819,127.037682954015,37.6517787582999,127.037875191961,18,29.47377014160156,29.30356979370117,0.17020034790039062,0.48802281119871715,37.651730991940894,127.037779072988
137,37.6479985931598,127.030403863726,37.6477763567433,127.030612269613,26,43.27447128295898,42.72034072875977,0.5541305541992045,1.0314257133450222,37.647887474951546,127.0305080666695
138,37.6499814851783,127.027430789794,37.6505337910961,127.026630064889,110,45.52372360229492,43.30997085571289,2.2137527465820312,1.3563927107807812,37.650257638137205,127.0270304273415
139,37.6880579973954,127.042083050817,37.6888812509572,127.04274925877,110,38.24956130981445,35.43073272705078,2.818828582763672,1.4854259428239798,37.6884696241763,127.0424161547935
140,37.6425124820806,127.03904421653,37.6437076225853,127.0393605157,125,37.68591690063477,41.02887725830078,3.3429603576660085,1.4103581834510637,37.64311005233295,127.039202366115
141,37.6466813936931,127.039138407737,37.6467195207443,127.040690571344,200,38.97528076171875,38.10374069213867,0.8715400695800781,0.3652259321222187,37.6467004572187,127.03991448954051
142,37.6618305165477,127.07985763967,37.6612906377296,127.080799772038,150,69.55938720703125,74.32244110107422,4.763053894042969,2.6636880782902894,37.66156057713865,127.080328705854
143,37.6665914375308,127.069690193147,37.6672868750291,127.068819349511,120,45.18505477905273,52.18158721923828,6.996532440185554,3.6766719450854644,37.66693915627995,127.069254771329
144,37.5589544747182,126.963935506406,37.5577467180718,126.96403398646,182,47.20097732543945,64.83094024658203,17.629962921142578,7.463423409985551,37.558350596395,126.963984746433
145,37.5563235808747,126.977912602445,37.5563038488665,126.976968618497,128,65.66840362548828,57.68994522094727,7.9784584045410085,5.474918832542787,37.5563137148706,126.977440610471
146,37.5633809525712,127.009736883703,37.5632434255667,127.010151802567,67,28.15353965759277,28.85965156555176,0.7061119079589915,1.0205018032937143,37.56331218906895,127.009944343135
147,37.5551515516737,126.995257375967,37.5564461722219,126.992987571916,330,59.791015625,71.00852966308594,11.217514038085938,2.6056779112048565,37.5557988619478,126.9941224739415
148,37.5551952253618,127.0084189378,37.5550456024823,127.007945066659,40,41.98864364624023,45.01583862304688,3.027194976806655,3.8516327459795643,37.555120413922054,127.0081820022295
149,37.5529498824766,127.004508562987,37.5526369394319,127.005154287071,140,81.26702880859375,61.62503814697266,19.641990661621087,16.404828197225655,37.55279341095425,127.004831425029
150,37.5531642247547,127.004641437369,37.5529062421481,127.005281055475,65,81.25645446777344,61.43153381347656,19.824920654296875,17.39965034881361,37.553035233451396,127.004961246422
151,37.5618070623454,127.020515659702,37.5614125891794,127.020612209288,42,33.76338577270508,37.19974136352539,3.4363555908203125,4.3978486764589055,37.5616098257624,127.020563934495
152,37.5621658198618,127.022119794906,37.5621754035476,127.022891369886,100,41.89890670776367,45.67870712280273,3.7798004150390554,3.1807092963511567,37.5621706117047,127.02250558239601
153,37.5519241493449,127.012518081756,37.5471505540187,127.005706247221,150,45.98364639282227,92.08560180664062,46.10195541381835,3.2920794307592893,37.5495373516818,127.0091121644885
154,37.5584893817962,127.001546237286,37.5595733763725,127.001103387914,200,67.57682800292969,54.46091842651367,13.115909576416016,5.910260941532081,37.559031379084345,127.00132481259999
155,37.5587340771334,127.002459478286,37.558513247022,127.002243980123,50,46.69472503662109,52.52899551391602,5.834270477294936,10.64342753462719,37.5586236620777,127.00235172920449
156,37.5528188643198,126.963069435531,37.5530689803646,126.963066256529,60,61.8217887878418,65.6442642211914,3.8224754333496094,7.825399721471526,37.5529439223422,126.96306784603
157,37.5519010077818,127.005070605241,37.5514352089585,127.004651402035,70,74.78702545166016,90.28205108642578,15.495025634765625,13.68683824289299,37.55166810837015,127.004861003638
158,37.5555755613758,127.006612164821,37.5555371347485,127.007358087928,123,61.27857971191406,49.25757217407227,12.02100753784179,10.338947099687449,37.55555634806215,127.0069851263745
159,37.5510611366006,127.006138955405,37.5507013390151,127.004821332035,200,69.51435852050781,97.76996612548828,28.25560760498047,12.952388627505211,37.55088123780785,127.00548014372
160,37.5589328823815,126.963744471295,37.557688347731,126.963493369217,170,46.82435607910156,65.85780334472656,19.033447265625,7.734170665982345,37.55831061505625,126.96361892025601
161,37.5570496013779,126.966115171346,37.5568944717352,126.965261105774,130,50.13963317871094,59.91049957275391,9.770866394042976,7.209965578623894,37.556972036556544,126.96568813856001
162,37.5564381790232,126.993434160651,37.5559505511598,126.993291830393,65,67.30014038085938,73.44446563720703,6.144325256347656,6.30002333276088,37.5561943650915,126.993362995522
163,37.5542807185276,127.00518993616,37.553703450451,127.005161263935,80,80.88811492919922,75.5669174194336,5.321197509765625,4.73524772567689,37.5539920844893,127.0051756000475
164,37.5541889879484,127.005390809133,37.553703450451,127.005161263935,70,79.44233703613281,75.5669174194336,3.8754196166992188,3.845370243342558,37.5539462191997,127.005276036534
165,37.5541531089295,127.007409218495,37.5541992042377,127.006486083368,128,47.41580200195312,55.35893630981445,7.943134307861335,5.563974145806482,37.554176156583594,127.0069476509315
166,37.550482503088,127.006372369098,37.5501557315101,127.005979431157,40,75.56842803955078,84.01268768310547,8.444259643554688,9.54814600752825,37.550319117299054,127.0061759001275
167,37.5562070218295,127.007431830399,37.5555371347485,127.007358087928,92,59.09952545166016,49.25757217407227,9.84195327758789,7.4986025381938495,37.555872078289,127.00739495916349
168,37.553809583223,127.012467130706,37.5530469087049,127.013899732418,150,41.84521484375,68.05824279785156,26.213027954101562,9.776991935374081,37.55342824596395,127.013183431562
169,37.5496517899605,127.007753924921,37.549667263422,127.008107000134,60,58.22792434692383,68.16329193115234,9.935367584228516,17.677447691223282,37.54965952669125,127.0079304625275
170,37.5649279604204,127.022353778248,37.5647171539619,127.023605567664,140,24.7666187286377,28.40910720825195,3.6424884796142507,1.8496007766921778,37.56482255719115,127.02297967295601
171,37.5584656791715,126.983899874492,37.5572942597925,126.984325442507,140,49.05427169799805,67.08802032470703,18.033748626708984,7.5781964180579235,37.557879969482,126.9841126584995
172,37.5335715362552,127.001102439027,37.5347837425841,126.998867899892,470,30.10406684875488,53.80351638793945,23.699449539184574,5.669401306891827,37.53417763941965,126.9999851694595
173,37.5462583133585,126.985178825879,37.5459661292842,126.985258095042,130,97.49617767333984,95.85543060302734,1.6407470703125,2.826497043538529,37.54611222132135,126.9852184604605
174,37.5407422754533,126.996293282177,37.5407404804534,126.996523431656,100,96.05215454101562,98.27694702148438,2.22479248046875,6.256560296921926,37.54074137795335,126.9964083569165
175,37.5370842586612,126.953832975359,37.535405203389,126.953271010618,435,38.68554306030273,24.78055572509766,13.904987335205067,4.117316836062974,37.5362447310251,126.95355199298851
176,37.5508420507289,126.963866649642,37.5508997731544,126.964058438954,64,59.4498176574707,57.11516952514648,2.334648132324226,7.355880378050007,37.55087091194165,126.963962544298
177,37.5416783175446,126.962320543272,37.5421716035022,126.963140995783,80,21.079345703125,29.60923767089844,8.529891967773441,5.367792674240363,37.5419249605234,126.9627307695275
178,37.5260302095999,126.99697368869,37.5263454432475,126.996058572401,110,35.52458190917969,35.94404220581055,0.4194602966308594,0.27315271285333154,37.5261878264237,126.9965161305455
179,37.5378788064556,126.989033359409,37.5370423453118,126.990384213332,390,47.70475387573242,80.94181823730469,33.237064361572266,12.403928103468136,37.5374605758837,126.9897087863705
180,37.535532699832,126.953056072037,37.5361232538984,126.950933796667,345,27.5012149810791,34.09466552734375,6.593450546264648,1.9042046962908754,37.5358279768652,126.951994934352
181,37.5508293932257,127.01948555236,37.5516663255338,127.019515759672,160,50.31785202026367,63.55134201049805,13.233489990234375,8.089923628207924,37.55124785937975,127.01950065601599
182,37.5577093274121,127.023874528367,37.5577257428027,127.024232172299,310,67.77205657958984,65.88263702392578,1.8894195556640625,3.42405268814858,37.5577175351074,127.02405335033299
183,37.549909958908,127.031101472181,37.5496275984167,127.03173202092,320,27.06874656677246,17.76263618469238,9.306110382080082,8.293477709356798,37.549768778662354,127.0314167465505
184,37.5492921564754,127.019746108479,37.5516663255338,127.019515759672,340,26.94894981384277,63.55134201049805,36.60239219665527,7.870650124098745,37.5504792410046,127.01963093407551
185,37.5513725315125,127.022906964406,37.5530604673758,127.021435595291,165,56.22797775268555,51.93253326416016,4.2954444885253835,1.0786022202690446,37.55221649944415,127.0221712798485
186,37.5562046295135,127.016725380867,37.5567553836342,127.019258707501,270,82.94890594482422,69.33419036865234,13.614715576171875,3.364894943883054,37.55648000657385,127.017992044184
187,37.5458482443677,127.017621661178,37.5461187618046,127.017970594833,500,43.54715347290039,41.70504760742188,1.8421058654785085,2.4515957496133534,37.54598350308615,127.0177961280055
188,37.549909958908,127.031101472181,37.5499039070147,127.032167144211,230,27.06874656677246,15.16368103027344,11.905065536499022,7.22187733299018,37.54990693296135,127.031634308196
189,37.5408496346983,127.011382906693,37.5407172617823,127.013263344536,130,50.87807083129883,33.72441482543945,17.153656005859375,5.883975081159109,37.5407834482403,127.0123231256145
190,37.549184059845,127.028831668862,37.5504319343839,127.026562609982,80,42.18557739257812,19.63924789428711,22.54632949829101,5.291171111840717,37.54980799711445,127.027697139422
191,37.5536805217231,127.021003460867,37.5535159175109,127.019916752143,61,51.90647125244141,61.00095367431641,9.094482421875,5.327313390063389,37.553598219617,127.020460106505
192,37.5526653231969,127.031360642809,37.555165788988,127.033593347592,70,86.46675109863281,26.11612129211426,60.350629806518555,10.046398639955108,37.55391555609245,127.03247699520051
193,37.5624963338002,127.026369160224,37.5634345005237,127.027341187867,50,75.60956573486328,47.77963256835938,27.8299331665039,11.648818916856145,37.56296541716195,127.0268551740455
194,37.5615293048656,127.024651500492,37.5601704775159,127.026872333283,100,63.43664932250977,32.77085113525391,30.66579818725586,7.069166605407872,37.560849891190756,127.02576191688749
195,37.5439320971177,127.015647091485,37.5420674777015,127.016319170852,460,29.8223991394043,11.20515727996826,18.617241859436042,4.9344488052594055,37.5429997874096,127.0159831311685
196,37.540657325269,127.009773757089,37.5405589206299,127.010975179981,295,84.85111999511719,62.45441436767578,22.396705627441406,11.877009693441055,37.54060812294945,127.01037446853499
197,37.5462920770572,127.009879731064,37.5472989077685,127.01218936757,278,110.1116943359375,76.37377166748047,33.73792266845703,8.261112217403037,37.546795492412855,127.011034549317
198,37.5574954945237,127.023556547484,37.5577257428027,127.024232172299,76,70.05831909179688,65.88263702392578,4.175682067871094,3.6855713320658854,37.557610618663205,127.0238943598915
199,37.5493118917489,127.021776503605,37.5500683409329,127.022883592728,160,27.12909126281738,45.81461715698242,18.685525894165043,8.2518017436581,37.5496901163409,127.0223300481665
200,37.5535724161474,127.01761069145,37.553886191254,127.018478107804,229,97.60871887207031,75.25004577636719,22.358673095703125,14.896704417805706,37.5537293037007,127.018044399627
201,37.5477722777646,127.023131846656,37.5466786700567,127.023005222053,348,14.3734884262085,25.88261032104492,11.509121894836419,5.384122983432661,37.54722547391065,127.02306853435451
202,37.546364692663,127.018243708045,37.5453535993537,127.016982767289,187,39.34718704223633,43.77622222900391,4.429035186767585,1.6045808999876445,37.545859146008354,127.017613237667
203,37.5466786700567,127.023005222053,37.5473327732677,127.02357360489,237,25.88261032104492,16.41559028625488,9.467020034790039,6.117936116179507,37.5470057216622,127.0232894134715
204,37.5530604186913,127.029941999268,37.5528767557692,127.031815785832,260,106.6475982666016,75.76995849609375,30.877639770507855,10.509925001643868,37.552968587230254,127.03087889254999
205,37.5619188387132,127.042324044658,37.5609966618026,127.045725200305,170,28.28570365905762,21.7258243560791,6.559879302978519,1.1860719493976837,37.5614577502579,127.0440246224815
206,37.5577089897922,127.0293680158,37.5592073444254,127.029018314741,210,23.64199256896973,30.52159309387207,6.87960052490234,2.325086116171585,37.558458167108796,127.0291931652705
207,37.563106897438,127.028487744782,37.5638902349813,127.029179383922,220,45.56269454956055,34.90878677368164,10.653907775878906,5.7224274478996815,37.563498566209645,127.028833564352
208,37.5624963338002,127.026369160224,37.5634345005237,127.027341187867,70,75.60956573486328,47.77963256835938,27.8299331665039,11.648818916856145,37.56296541716195,127.0268551740455
209,37.5462920770572,127.009879731064,37.5472989077685,127.01218936757,67,110.1116943359375,76.37377166748047,33.73792266845703,8.261112217403037,37.546795492412855,127.011034549317
210,37.5423782690925,127.016052082944,37.543890955719,127.015386258569,60,12.57433128356934,31.18063163757324,18.6063003540039,5.962371956240367,37.54313461240575,127.0157191707565
211,37.5426294442931,127.015554372439,37.5411141582062,127.01543830347,170,17.03791046142578,12.42986679077148,4.6080436706543,1.5636956214572508,37.54187180124965,127.0154963379545
212,37.5566327168392,127.020046601326,37.5570575575624,127.01992584339,30,66.33082580566406,66.96058654785156,0.6297607421875,0.745088299837944,37.556845137200796,127.019986222358
213,37.5562046295135,127.016725380867,37.5567553836342,127.019258707501,90,82.94890594482422,69.33419036865234,13.614715576171875,3.364894943883054,37.55648000657385,127.017992044184
214,37.5505481318597,127.021392438543,37.5514709289034,127.021422352137,60,54.15535736083984,55.23351287841797,1.078155517578132,0.6018018636007926,37.55100953038155,127.02140739533999
215,37.5532352564893,127.020958746923,37.5536805217231,127.021003460867,30,53.91596603393555,51.90647125244141,2.0094947814941335,2.3168451055034,37.5534578891062,127.020981103895
216,37.5528748648477,127.029377322573,37.5525064646397,127.028570057317,40,104.7829971313477,90.47196960449219,14.311027526855511,9.88656953475509,37.5526906647437,127.02897368994499
217,37.5480276263796,127.015358252458,37.5454476735839,127.015604973912,50,34.73368835449219,50.16508865356445,15.431400299072266,3.0702271692000647,37.54673764998175,127.015481613185
218,37.5525119833017,127.095552581844,37.553038690779,127.097008389982,150,49.18906784057617,67.94780731201172,18.758739471435547,7.57454613017496,37.552775337040345,127.096280485913
219,37.5527503139429,127.095643195175,37.5536263946363,127.097028956609,40,50.44241333007812,65.6697998046875,15.227386474609382,5.566320351591077,37.5531883542896,127.096336075892
220,37.570118234933,127.085110936364,37.5702346245119,127.085883629439,55,32.44538497924805,38.5594367980957,6.114051818847656,5.04051835926037,37.57017642972245,127.0854972829015
221,37.56759872711,127.088253101153,37.5672255379578,127.090038703873,50,51.52438354492188,80.80250549316406,29.27812194824218,10.197796384587932,37.5674121325339,127.089145902513
222,37.5683099321624,127.086604834602,37.5682396105563,127.08944317273,30,32.38763809204102,76.5130844116211,44.12544631958007,9.998649057347768,37.56827477135935,127.08802400366599
223,37.5699793510196,127.086407091024,37.5698886396351,127.088329606231,30,40.61370849609375,68.88026428222656,28.266555786132812,9.454662821570643,37.56993399532735,127.0873683486275
224,37.5694441209076,127.086337197682,37.5692538216305,127.088539171407,60,36.68130111694336,72.51508331298828,35.83378219604492,10.401149866815372,37.56934897126905,127.08743818454451
225,37.5633936413067,127.087226755905,37.5635794212282,127.088445189392,70,33.61090087890625,48.92113876342773,15.310237884521477,7.969262222131024,37.56348653126745,127.08783597264849
226,37.5544584320115,127.094740682557,37.554098001033,127.096339110086,450,46.5382080078125,65.4048080444336,18.866600036621094,7.338556244874387,37.55427821652225,127.0955398963215
227,37.5551290899361,127.093439817602,37.5561336396539,127.094985788703,60,43.90541458129883,68.40010833740234,24.494693756103516,7.914002240169151,37.555631364795005,127.0942128031525
228,37.5548977135453,127.093667571274,37.5559342021472,127.095267565304,30,43.36154174804688,69.57168579101562,26.210144042968743,8.188607414908722,37.55541595784625,127.09446756828899
229,37.5534280595154,127.095178478827,37.553634204998,127.095405195316,240,54.96036148071289,62.27565765380859,7.315296173095696,13.525123850644082,37.553531132256694,127.0952918370715
230,37.5561336396539,127.094985788703,37.5564524016061,127.09466273962,30,68.40010833740234,62.47047424316406,5.929634094238281,7.430340365652378,37.55629302063,127.0948242641615
231,37.559341957888,127.092886765247,37.558902395127,127.09249971485,270,45.35315322875977,32.115966796875,13.237186431884773,12.520780781391228,37.5591221765075,127.0926932400485
232,37.5680342564331,127.085203080729,37.5682650750847,127.085350494178,100,30.09597206115723,30.54230499267578,0.44633293151855113,0.8888981041793206,37.5681496657589,127.0852767874535
233,37.5707258119851,127.086425498827,37.5707098741828,127.088118559191,200,39.1845588684082,67.52661895751953,28.342060089111328,10.753974802127635,37.570717843083955,127.087272029009
234,37.561825614027,127.085907025253,37.5621173406993,127.08629954075,100,24.13260841369629,26.10772705078125,1.975118637084961,2.3847618838328875,37.56197147736315,127.0861032830015
235,37.5498788009617,127.09512575723,37.550193768318,127.096264148519,125,58.4779052734375,69.5013198852539,11.023414611816406,5.920823350048385,37.55003628463985,127.0956949528745
236,37.5492681737865,127.088428955474,37.5492533566849,127.088001065043,40,27.45136451721191,28.13140678405762,0.6800422668457102,1.0318113570443979,37.5492607652357,127.0882150102585
237,37.5333098494169,127.077255650486,37.5333937876458,127.07717144777,40,18.07451057434082,18.05796432495117,0.01654624938965199,0.07948926331272702,37.53335181853135,127.077213549128
238,37.53249516826,127.083981354795,37.5320539362082,127.084124658416,100,18.43794822692871,17.99934577941895,0.4386024475097621,0.4960027993419071,37.5322745522341,127.0840530066055
239,37.5342900647094,127.076259773151,37.5344740066757,127.076325356314,100,16.8900146484375,17.29280090332031,0.40278625488280895,1.0856253618858878,37.53438203569255,127.0762925647325
240,37.5539425293948,127.079059048857,37.5537867152999,127.078971629556,130,19.23213195800781,19.57557487487793,0.34344291687012074,1.0376219652323386,37.55386462234735,127.0790153392065
241,37.5503995596063,127.109302231042,37.5496541994049,127.108873720121,150,33.86709213256836,30.64940071105957,3.217691421508789,2.0232365375308774,37.550026879505594,127.1090879755815
242,37.5460011335625,127.104754397546,37.5457769477884,127.104468810786,70,17.28813552856445,16.97743606567383,0.3106994628906179,0.5024217322422373,37.54588904067545,127.104611604166
243,37.5494562524434,127.092837038883,37.5496295853619,127.092975880407,130,38.12404632568359,44.27245712280273,6.148410797119141,15.071674281075127,37.549542918902645,127.09290645964501
244,37.5469073922244,127.070613019409,37.5468986668621,127.070438178343,80,14.81487655639648,14.68629455566406,0.1285820007324201,0.4769931483492579,37.546903029543245,127.070525598876
245,37.5540171153721,127.09707993751,37.5534977220073,127.097150900616,70,66.33589935302734,65.56611633300781,0.7697830200195312,0.7591915814063547,37.5537574186897,127.097115419063
246,37.561861888647,127.088636701968,37.5617967380574,127.089365183287,110,41.57784652709961,53.82986831665039,12.252021789550781,10.736155280805255,37.561829313352206,127.08900094262751
247,37.5422426026657,127.083778087725,37.542235073752,127.08321253884,55,21.84622764587402,23.29533958435059,1.4491119384765696,1.6644289260988077,37.54223883820885,127.0834953132825
248,37.5780669496403,127.062216395337,37.5784100514433,127.065051750943,150,28.94771766662598,24.17305374145508,4.774663925170898,1.0821960810964728,37.5782385005418,127.06363407314001
249,37.5843373803526,127.031401775824,37.5840401880065,127.031904785675,90,23.09890556335449,22.19101905822754,0.9078865051269496,0.94078723648657,37.584188784179545,127.0316532807495
250,37.5860146719888,127.067203313457,37.5863320306741,127.067152310071,200,18.7014331817627,17.87536811828613,0.8260650634765696,1.3302394048766426,37.58617335133145,127.067177811764
251,37.5690487768803,127.053639774037,37.5704281101415,127.051825552001,40,17.41165351867676,16.46842384338379,0.9432296752929723,0.24391541836376093,37.5697384435109,127.052732663019
252,37.580104265719,127.054590635913,37.580496774164,127.054902479861,90,22.38584899902344,22.83827972412109,0.45243072509764914,0.5025958386126698,37.5803005199415,127.054746557887
253,37.5693117654531,127.060205006732,37.569913718654,127.062802642548,60,22.39273834228516,13.56975555419922,8.82298278808594,2.1183875331810373,37.56961274205355,127.06150382464
254,37.5806921980698,127.064358844049,37.578399605819,127.062027727856,80,86.45210266113281,32.43681716918945,54.01528549194336,9.368624972162547,37.5795459019444,127.06319328595251
255,37.5982483917311,127.054326908898,37.5984730637065,127.056324032889,230,49.56166839599609,35.54689025878906,14.014778137207024,4.50913414615301,37.5983607277188,127.05532547089351
256,37.598914563676,127.05397940935,37.5989926722387,127.054777576157,60,59.28275680541992,53.84233856201172,5.440418243408203,4.390835311821135,37.59895361795735,127.0543784927535
257,37.592700179021,127.101223531546,37.5922797474992,127.101362120624,110,34.70515441894531,37.21921539306641,2.514060974121101,2.9784891605683192,37.5924899632601,127.101292826085
258,37.5838758126745,127.093185449346,37.5813502440362,127.084436068088,140,33.46354675292969,18.25504875183105,15.208498001098636,1.0618388363255271,37.582613028355354,127.08881075871699
259,37.5721473639983,127.084612002083,37.571896727632,127.085334715521,310,31.09922218322754,38.56774520874023,7.468523025512688,6.131382170066187,37.572022045815146,127.084973358802
260,37.5758457223916,127.08665997496,37.5756657390086,127.087710185526,256,41.69862747192383,55.09692764282227,13.398300170898445,8.05357722010359,37.575755730700095,127.087185080243
261,37.5716792334736,127.087784182747,37.5716250825361,127.086688364482,280,65.44363403320312,44.87660217285156,20.567031860351562,11.999510930332029,37.57165215800485,127.08723627361451
262,37.5743022671596,127.08758485674,37.5746517957981,127.08790427041,130,53.32417678833008,58.90697860717773,5.582801818847649,6.635672463579944,37.57447703147885,127.087744563575
263,37.5918792308686,127.097434135039,37.5920535076472,127.09696616146,159,35.07929611206055,33.79906845092773,1.2802276611328196,1.609608485742756,37.591966369257904,127.0972001482495
264,37.5923630693449,127.097098928032,37.5931645910188,127.097536585878,112,33.31518936157227,32.24177169799805,1.0734176635742259,0.6333045971822316,37.59276383018185,127.097317756955
265,37.5873651888855,127.090154100874,37.5880850037978,127.090020234014,323,23.69831657409668,23.51793670654297,0.18037986755371094,0.12774346313912388,37.58772509634165,127.09008716744401
266,37.5876756237817,127.101110637829,37.5870197769523,127.100811526318,217,53.63239669799805,64.44979095458984,10.817394256591797,7.941594476658017,37.587347700367005,127.1009610820735
267,37.5764629846627,127.08764829179,37.5767421005931,127.087543111377,277,49.8572883605957,45.56009674072266,4.29719161987304,7.557117780463749,37.576602542627896,127.0875957015835
268,37.5925811122287,127.095772048043,37.5933635652588,127.095510242285,67,30.54835891723633,28.32220077514648,2.226158142089851,1.416759690358523,37.59297233874375,127.095641145164
269,37.5717969516252,127.085508813496,37.5715315272843,127.085372220055,85,39.2392463684082,34.27133178710938,4.967914581298821,8.85875331330392,37.57166423945475,127.0854405167755
270,37.5800711747193,127.093430676323,37.5784385345249,127.094611661002,412,38.81398010253906,65.82272338867188,27.008743286132812,7.35451133661343,37.5792548546221,127.0940211686625
271,37.6056993886468,127.083510702772,37.6065095934121,127.082950225107,268,42.52642059326172,37.12848663330078,5.3979339599609375,3.0077488155778767,37.60610449102945,127.0832304639395
272,37.6019872038371,127.088718824976,37.6021646888217,127.089091042467,45,34.00168228149414,36.06545257568359,2.063770294189446,3.0866297347683838,37.6020759463294,127.0889049337215
273,37.5964051822607,127.09732329056,37.5971203646153,127.097461917517,60,24.3903865814209,23.93651008605957,0.4538764953613281,0.3232150937422211,37.596762773438,127.0973926040385
274,37.5955927717396,127.097416556471,37.5952303760494,127.097327988348,170,26.11829948425293,27.4416561126709,1.3233566284179688,1.8466621188007366,37.595411573894495,127.0973722724095
275,37.5814013706902,127.093127570278,37.581144027314,127.092694665893,300,38.22153472900391,34.499267578125,3.7222671508789134,4.4631997344094625,37.5812726990021,127.09291111808551
276,37.5792046979236,127.092158706338,37.5775163119741,127.093094656243,200,41.51202774047852,77.40133666992188,35.88930892944335,9.927323216321863,37.57836050494885,127.0926266812905
277,37.6011580222643,127.107175352319,37.6011524205429,127.107489705479,150,37.44192886352539,38.71363830566406,1.2717094421386719,2.628547515963847,37.6011552214036,127.10733252889901
278,37.5862583867691,127.095343221465,37.5867684154361,127.096259940853,50,38.82575225830078,40.78328704833984,1.9575347900390554,1.1362409654271068,37.5865134011026,127.09580158115901
279,37.6058186173408,127.091609767692,37.6053010725836,127.088562173767,250,43.30737686157227,67.47288513183594,24.165508270263665,5.029815080789047,37.6055598449622,127.0900859707295
280,37.5899806287616,127.005993938302,37.5894037524558,127.005389837977,250,51.4927864074707,39.64008712768555,11.852699279785156,8.093051642306026,37.5896921906087,127.0056918881395
281,37.6169120464565,127.003614898863,37.6197915298294,127.005532713286,180,84.17893981933594,156.1291656494141,71.95022583007815,11.241212799906288,37.618351788142945,127.0045738060745
282,37.6104346455106,127.015123837224,37.6108648284908,127.01797449683,110,102.316520690918,62.72023391723633,39.59628677368167,8.805347567270251,37.6106497370007,127.016549167027
283,37.6126874966274,127.037620682673,37.6143283122863,127.040009649674,343,39.43403625488281,63.24712753295898,23.813091278076165,4.887016230406236,37.61350790445685,127.03881516617349
284,37.6171741444527,127.045089493418,37.6176999815901,127.045970466853,256,33.22635269165039,29.51335144042969,3.7130012512206996,2.1885579446208583,37.6174370630214,127.04552998013551
285,37.6124680892797,127.037389295824,37.6114677504282,127.038142754784,90,39.74367141723633,58.74936294555664,19.005691528320312,8.347489209132426,37.61196791985395,127.037766025304
286,37.6136412940616,127.039247598102,37.612558352117,127.039647402514,90,59.45185470581055,74.62581634521484,15.173961639404297,6.896154896381217,37.6130998230893,127.039447500308
287,37.6090977872099,127.038146527662,37.608218097523,127.036023598999,270,54.53268814086914,30.09101676940918,24.44167137145996,6.606206250802419,37.60865794236645,127.0370850633305
288,37.6165641902663,127.00554096909,37.6174405782609,127.005609787349,120,97.19380950927734,118.2174301147461,21.02362060546875,12.151491936676097,37.6170023842636,127.0055753782195
289,37.6158380598006,127.01101885516,37.6139918611027,127.010836117621,50,113.0220336914062,74.56668090820312,38.45535278320307,10.578184100276955,37.61491496045165,127.0109274863905
290,37.6100672997545,127.010201540707,37.610055348285,127.009828133865,50,60.34718704223633,57.12919616699219,3.2179908752441406,5.583198880305091,37.61006132401975,127.01001483728601
291,37.6121941603479,126.998939100158,37.6107607791356,126.999236873499,193,111.9758529663086,87.49466705322266,24.481185913085938,8.618132711765437,37.61147746974175,126.9990879868285
292,37.6050729058664,126.997916680597,37.602584372851,126.99803520398,180,101.2326202392578,145.1520233154297,43.91940307617189,9.012372855886642,37.603828639358696,126.99797594228849
293,37.6007978684727,127.010723113293,37.6005036502651,127.011204687476,240,61.44162750244141,63.22950744628906,1.7878799438476491,1.9113512194493731,37.6006507593689,127.0109639003845
294,37.5989927554427,127.023132747169,37.6014470389679,127.023664616743,170,59.51300811767578,38.07957077026367,21.43343734741211,4.426196376274178,37.6002198972053,127.023398681956
295,37.605469794873,127.051180664705,37.6050779890695,127.051721044581,140,40.72760772705078,55.29826736450195,14.570659637451172,12.723787859241005,37.60527389197125,127.05145085464301
296,37.5956408923336,127.011400646113,37.5960628966291,127.014089924778,250,87.34811401367188,44.89969253540039,42.448421478271484,9.967547660731572,37.59585189448135,127.0127452854455
297,37.6050599739523,127.010033928585,37.6037748856219,127.007718883621,80,46.29128646850586,87.29019927978516,40.9989128112793,9.349387177917018,37.604417429787105,127.008876406103
298,37.6072566332486,127.002182928649,37.6064135015615,127.001153569922,170,65.12930297851562,78.36280822753906,13.233505249023438,5.793486807536978,37.60683506740505,127.0016682492855
299,37.5992317582631,127.014210443117,37.6002334967008,127.014806735125,170,50.58427429199219,60.01865386962891,9.434379577636726,4.380648929668787,37.599732627481956,127.014508589121
300,37.5978497836959,127.015210181095,37.5983198607174,127.015669910894,90,46.15760803222656,63.94463348388672,17.787025451660156,15.055484215703352,37.59808482220665,127.0154400459945
301,37.6028249858547,127.029399897773,37.6014922606804,127.031080353416,210,38.22517395019531,36.23280334472656,1.99237060546875,0.5449542733146483,37.602158623267556,127.0302401255945
302,37.6001000928042,127.031259034718,37.6006443990482,127.032198489791,95,38.14820861816406,32.14651870727539,6.001689910888672,3.3499304328220156,37.600372245926195,127.0317287622545
303,37.6129153168771,127.038026043097,37.6122040347006,127.038708181506,100,44.8842658996582,66.49220275878906,21.60793685913086,12.273235358867673,37.61255967578885,127.0383671123015
304,37.5899806287616,127.005993938302,37.5941065881018,127.008215538987,185,51.4927864074707,113.4661254882812,61.97333908081049,7.082448841325491,37.5920436084317,127.0071047386445
305,37.5906417574629,127.007860645537,37.5899987816826,127.008265699309,170,47.9666633605957,37.22390747070312,10.742755889892585,7.6568420501483745,37.59032026957275,127.008063172423
306,37.6104346455106,127.015123837224,37.6124802513717,127.014401314614,300,102.316520690918,131.8902587890625,29.573738098144503,7.136748612138217,37.61145744844115,127.01476257591901
307,37.6008116138803,127.014471992987,37.6016843073197,127.015236214997,430,58.52496719360352,45.31504058837891,13.20992660522461,6.381826273678355,37.601247960600006,127.01485410399201
308,37.607422157428,127.02808379293,37.6077771891433,127.027134869657,250,31.92405319213867,42.62311172485352,10.699058532714854,6.601814590770603,37.60759967328565,127.0276093312935
309,37.5817874371535,127.017755568694,37.5805283546541,127.017377936387,90,49.57072448730469,55.33040618896484,5.759681701660149,2.292008792784833,37.5811578959038,127.0175667525405
310,37.5841773524262,127.012618582669,37.5773143652084,127.0234230928,130,58.88299560546875,17.21271705627441,41.670278549194336,1.955919203215139,37.5807458588173,127.0180208377345
311,37.6038920559925,127.020280333911,37.6026910997043,127.020946793788,90,48.99247741699219,38.01718521118164,10.975292205810547,4.302639786481595,37.6032915778484,127.02061356384951
312,37.5997790641634,127.004626099897,37.5993742190618,127.002681293446,180,129.5480499267578,167.9694366455078,38.42138671875,12.237079086090436,37.5995766416126,127.0036536966715
313,37.6009913670542,127.020513618361,37.6002510241826,127.018315403612,220,41.44469833374023,49.99280166625977,8.548103332519545,2.326204773623841,37.6006211956184,127.0194145109865
314,37.5842141229324,127.017486235965,37.5846214693373,127.018036002255,250,30.86149787902832,27.42313385009766,3.4383640289306605,2.967818405024469,37.58441779613485,127.01776111910999
315,37.5957645358864,127.014441348069,37.5962874425135,127.014674826838,285,46.98944473266602,42.43601608276367,4.553428649902351,4.2223863620080495,37.59602598919995,127.01455808745351
316,37.6050608424459,126.998580090538,37.6062953822117,126.998890259789,250,90.80839538574219,75.28292846679688,15.525466918945312,6.329489769432777,37.6056781123288,126.99873517516349
317,37.5994941513348,127.033006075009,37.6001000928042,127.031259034718,450,30.52894592285156,38.14820861816406,7.6192626953125036,2.5965256496068942,37.5997971220695,127.0321325548635
318,37.5940451445596,127.001649787123,37.5945097781136,127.002139867598,260,57.28403854370117,69.09212493896484,11.808086395263672,9.946804760241688,37.5942774613366,127.0018948273605
319,37.6064369242001,127.001435903949,37.6063609763368,127.000862855199,36,80.82255554199219,76.10493469238281,4.717620849609375,5.266272190279748,37.606398950268456,127.001149379574
320,37.6183795204482,127.00221236385,37.6200879698613,127.00240712779,42,96.27582550048828,114.1975402832031,17.921714782714815,5.367581012802303,37.61923374515475,127.00230974582
321,37.5934960255288,127.021000039085,37.5933434120271,127.021911503502,48,43.0306282043457,63.31417465209961,20.283546447753906,13.880914830268178,37.59341971877795,127.02145577129349
322,37.6204097542099,127.006204573905,37.6179132176282,127.005996179911,32,163.4917449951172,138.2234802246094,25.268264770507784,5.189649089652688,37.61916148591905,127.006100376908
323,37.6078926570484,127.047041124251,37.6100238748815,127.046083188246,66,42.80015563964844,67.01959991455078,24.219444274902344,5.4994112027207604,37.60895826596495,127.0465621562485
324,37.6043940645669,127.019886935241,37.6050832927232,127.022078590713,69,55.15792083740234,36.21399688720703,18.943923950195305,5.210819152598911,37.60473867864505,127.020982762977
325,37.6014275245144,127.024800664049,37.6011175547495,127.024938264036,130,44.47467803955078,53.33744049072266,8.862762451171882,13.634989354150347,37.60127253963195,127.0248694640425
326,37.6064752203793,126.998955262977,37.6059287331812,126.996871700849,65,74.20343780517578,105.938835144043,31.735397338867216,9.321516824171827,37.606201976780255,126.997913481913
327,37.5839815608314,127.022381325102,37.5862988609947,127.023584415821,473,27.21334838867188,34.35313034057617,7.139781951904293,1.4678725471577954,37.58514021091305,127.0229828704615
328,37.6005352305941,127.025003863043,37.5989927554427,127.023132747169,150,64.35283660888672,59.51300811767578,4.8398284912109375,1.1655199839734618,37.5997639930184,127.024068305106
329,37.6224724589113,127.031271458473,37.6245706643272,127.032324803962,185,46.26445007324219,88.1138687133789,41.84941864013672,9.463053731986793,37.62352156161925,127.0317981312175
330,37.6249996860824,127.012590477055,37.6251645559503,127.014994851077,190,98.47357177734375,72.9058837890625,25.56768798828125,6.859400921614469,37.62508212101635,127.013792664066
331,37.6235250649081,127.013191613208,37.6229691252145,127.016318149239,150,106.5924758911133,62.7132568359375,43.879219055175795,8.837794708986946,37.6232470950613,127.0147548812235
332,37.6251645559503,127.014994851077,37.6254337641302,127.016399909328,290,72.9058837890625,60.82024002075195,12.085643768310547,5.422849220348099,37.62529916004025,127.01569738020251
333,37.6269304430716,127.028461222374,37.6267468116978,127.0288744028,150,51.19616317749023,51.92925643920898,0.73309326171875,1.0065617065016619,37.6268386273847,127.028667812587
334,37.6255406414915,127.029677994408,37.624094651988,127.030368411341,160,51.66606521606445,51.52350616455078,0.14255905151367188,0.047516225491206036,37.62481764673975,127.0300232028745
335,37.6349062971176,127.028605994684,37.6348393905176,127.028078473772,90,30.45503425598145,30.65237808227539,0.19734382629394176,0.24034714254733294,37.634872843817604,127.028342234228
336,37.616689463704,127.033899981641,37.6186107726904,127.033437017296,120,44.16434097290039,62.4505615234375,18.28622055053711,4.805893757523165,37.617650118197204,127.03366849946849
337,37.6194318693017,127.015491635803,37.6170464839465,127.015639860009,130,55.77776336669922,84.48018646240234,28.702423095703125,6.1686436370807884,37.6182391766241,127.01556574790601
338,37.6340176960006,127.026899923535,37.6340733110949,127.030153364108,280,33.00485992431641,36.00514984130859,3.0002899169921733,0.5998682248048417,37.63404550354775,127.0285266438215
339,37.6170464839465,127.015639860009,37.6156135984216,127.019558397725,200,84.48018646240234,65.17349243164062,19.30669403076172,2.907437396089041,37.61633004118405,127.017599128867
340,37.6273355335243,127.011314859585,37.6258673064269,127.010090986027,105,82.79928588867188,127.0088272094727,44.209541320800824,12.734163240873425,37.6266014199756,127.01070292280599
341,37.6482414182203,127.029295978318,37.6481678111663,127.029643483133,124,43.94626617431641,43.84579467773438,0.10047149658203125,0.18176331813439642,37.6482046146933,127.02946973072551
342,37.6502536076527,127.029920239231,37.6502668946611,127.030107104439,120,51.4437370300293,51.26101684570312,0.18272018432617898,0.6337870693176312,37.6502602511569,127.03001367183501
343,37.6481775782946,127.028768137033,37.6482714251884,127.028913668479,63,42.86713027954102,43.84542083740234,0.9782905578613139,3.3880687387250137,37.648224501741495,127.028840902756
344,37.6510476609516,127.029853360065,37.6514189004243,127.029716732837,80,57.37316131591797,61.04056549072266,3.6674041748046946,4.875245065702306,37.65123328068795,127.029785046451
345,37.634627025365,127.042788626642,37.6348556911258,127.043294500734,240,28.58624649047852,36.06438446044922,7.4781379699707,8.295048059379026,37.6347413582454,127.043041563688
346,37.6464866260691,127.039603335284,37.6467694614473,127.040087666656,150,39.4022331237793,38.90518569946289,0.49704742431640625,0.5374671654702581,37.6466280437582,127.03984550097
347,37.6519659309551,127.023534682887,37.652973529071,127.02383858838,160,54.63941955566406,72.6284408569336,17.98902130126953,8.87608802208147,37.65246973001305,127.02368663563351
348,37.6356240704361,127.042996188052,37.6356474203692,127.042708432515,670,40.80301666259766,35.10738372802734,5.695632934570327,12.604507091302974,37.63563574540265,127.04285231028351
349,37.6506806693686,127.022662410766,37.6533910028331,127.02220507424,120,44.57459259033203,77.76879119873047,33.19419860839844,6.230445984392912,37.65203583610085,127.02243374250301
350,37.6512847538218,127.032416722478,37.6523129627619,127.032060324132,225,48.96598434448242,59.87047576904297,10.904491424560547,5.2550159349768775,37.65179885829185,127.03223852330501
351,37.6523922144276,127.035034223262,37.6529943886491,127.033315309769,300,39.40422439575195,56.5319709777832,17.12774658203125,5.909314486909449,37.65269330153835,127.03417476651549
352,37.6530290227222,127.022497335373,37.6542194970953,127.023392607022,335,70.1076889038086,93.79601287841797,23.688323974609375,8.741283360304301,37.65362425990875,127.0229449711975
353,37.6518538495968,127.029896290923,37.6521670862577,127.031077890557,669,64.195068359375,63.28848648071289,0.9065818786621094,0.4734896559477655,37.65201046792725,127.03048709074
354,37.6504096418203,127.02699920834,37.6509017013937,127.026855812506,734,45.13407135009766,44.49688339233398,0.6371879577636861,0.650138426685129,37.650655671607,127.02692751042301
355,37.6534416498799,127.021656837902,37.6523642987508,127.021906509555,640,79.76043701171875,60.94256210327148,18.817874908447273,8.78295466539093,37.65290297431535,127.0217816737285
356,37.6523906923631,127.023793867181,37.650642445811,127.025000709062,290,60.79326629638672,41.74840545654297,19.04486083984375,4.913476745538846,37.65151656908705,127.02439728812149
357,37.6511070413779,127.025613577212,37.6519499394787,127.025895352715,200,43.13834381103516,49.46839141845703,6.330047607421868,3.7355203683991194,37.6515284904283,127.0257544649635
358,37.6509185306662,127.026138628446,37.651886925654,127.026459662195,140,42.21913528442383,50.31511306762695,8.095977783203125,4.159334538340484,37.6514027281601,127.02629914532051
359,37.6553041083788,127.02866209455,37.6553924092012,127.031132610802,65,52.85536956787109,40.90441131591797,11.950958251953118,3.142058833982091,37.65534825879,127.029897352676
360,37.6539542633494,127.036760408402,37.654249182645,127.034889022175,65,32.66629028320312,41.71207046508789,9.045780181884773,3.0824443760892675,37.6541017229972,127.0358247152885
361,37.6520254522198,127.033384568553,37.651347522726,127.0334903314,78,50.81344604492188,41.15616607666016,9.657279968261719,7.245961522138181,37.6516864874729,127.0334374499765
362,37.6401383338804,127.041319658355,37.641020034819,127.040809263287,420,36.78907775878906,33.97243499755859,2.816642761230476,1.4960133656476204,37.640579184349704,127.04106446082099
363,37.65124888013,127.032795417576,37.6516761339338,127.033090462097,620,44.59030151367188,48.83662796020508,4.246326446533196,4.484192006592826,37.651462507031894,127.03294293983649
364,37.6507220617387,127.030144569739,37.6503046394224,127.030482992646,352,53.7930793762207,50.69555282592773,3.097526550292976,3.2143755988910376,37.65051335058055,127.03031378119249
365,37.6411651720044,127.053067055396,37.6384020233537,127.05268497171,480,22.82663536071777,63.3792839050293,40.55264854431152,7.474651856148544,37.63978359767905,127.052876013553
366,37.6199859956694,127.061188827746,37.6205070714563,127.062667906059,380,37.68709945678711,20.49674224853516,17.19035720825195,6.875068164330298,37.62024653356285,127.06192836690249
367,37.6210199669672,127.061539234623,37.6207297631964,127.062559125101,352,32.50486373901367,21.33963966369629,11.165224075317383,6.6721007655027025,37.6208748650818,127.062049179862
368,37.5926242921815,126.906959560567,37.5955233137029,126.908795663797,90,36.15022659301758,30.04662322998047,6.103603363037109,0.9695189065129559,37.5940738029422,126.907877612182
369,37.5934033945205,126.922165710978,37.5931367117561,126.922868356792,143,36.76700973510742,43.45884704589844,6.691837310791016,5.568001550838881,37.5932700531383,126.922517033885
370,37.611895066469,126.937163996518,37.6105442580952,126.938444934611,200,56.12164688110352,41.414306640625,14.707340240478523,4.476451549235407,37.6112196622821,126.9378044655645
371,37.5891823344489,126.919607272675,37.5901127377086,126.922768894999,470,18.92984199523926,43.9630012512207,25.03315925598144,4.815246360281085,37.58964753607875,126.921188083837
372,37.6045086354619,126.934784422388,37.6040543353051,126.936396889141,120,36.75582504272461,65.63185119628906,28.876026153564453,10.842701306201329,37.604281485383495,126.9355906557645
373,37.6007975225031,126.935891544921,37.6040543353051,126.936396889141,470,34.8255729675293,65.63185119628906,30.806278228759766,4.826121579145648,37.6024259289041,126.936144217031
374,37.5918307675351,126.952020925753,37.5897204022362,126.953901479524,100,80.89173126220703,129.7365570068359,48.84482574462888,9.649954203966123,37.59077558488565,126.9529612026385
375,37.5946394214899,126.934078651232,37.5954752012054,126.932994265204,60,93.89169311523438,120.6131286621094,26.72143554687503,11.336667346830822,37.59505731134765,126.933536458218
376,37.5694054245622,126.925932785368,37.5696077695862,126.924622355694,50,37.34182357788086,52.4290885925293,15.087265014648438,7.306690290736986,37.569506597074195,126.925277570531
377,37.5873546445981,126.932038255594,37.5874809599642,126.932818578762,50,101.2876586914062,86.21654510498047,15.071113586425724,12.12066774484856,37.58741780228115,126.93242841717799
378,37.5586536023804,126.945920737962,37.5586738807316,126.946328617632,70,45.55627059936523,52.30540466308594,6.74913406372071,10.611348201881269,37.558663741556,126.946124677797
379,37.5775387561196,126.905894492772,37.57702472682,126.906673543912,80,14.55478763580322,15.97929954528809,1.4245119094848686,0.9135663413081956,37.577281741469804,126.906284018342
380,37.6051843890956,126.949934463872,37.6021965049205,126.948836073054,70,92.677490234375,62.60508346557617,30.072406768798828,4.966757948683427,37.60369044700805,126.949385268463
381,37.5775360791539,126.936421829378,37.5775532912341,126.938295387125,120,44.6771125793457,70.24925994873047,25.572147369384766,8.80353225118386,37.577544685194,126.9373586082515
382,37.5795484794099,126.92964564329,37.5784805807053,126.930796050848,180,42.53272247314453,23.95078086853027,18.58194160461426,6.787006323391453,37.579014530057606,126.930220847069
383,37.5638746270498,126.951349783446,37.5641733458766,126.953001999602,411,89.2676010131836,52.65472412109375,36.612876892089844,13.77268297350501,37.5640239864632,126.952175891524
384,37.5835018401915,126.925933426565,37.5838619983447,126.926560175029,140,40.12505340576172,49.88129043579102,9.756237030029304,8.138797221176267,37.5836819192681,126.926246800797
385,37.558701233458,126.940784334301,37.5589480319722,126.940635648618,65,25.8080997467041,24.54787826538086,1.2602214813232422,2.3728972817999083,37.5588246327151,126.9407099914595
386,37.5367923356947,126.869185442389,37.5372900855961,126.869790129397,85,12.34694385528564,12.19948196411133,0.1474618911743093,0.10993953496012777,37.5370412106454,126.869487785893
387,37.5383710279499,126.870951066348,37.5378834979479,126.869966285336,85,11.41083335876465,13.21622180938721,1.8053884506225604,1.0104244497405825,37.538127262948905,126.870458675842
388,37.5382268535506,126.869543876144,37.5388853118137,126.869959340833,360,16.0040168762207,12.76167678833008,3.2423400878906197,2.267934017741194,37.53855608268215,126.8697516084885
389,37.533503515403,126.868788747607,37.5342896727807,126.868091890701,380,10.64757919311523,11.64436912536621,0.9967899322509783,0.5344790383136658,37.53389659409185,126.86844031915399
390,37.5442985231727,126.868502441725,37.5446438125144,126.865803155229,90,29.59601974487305,39.68608474731445,10.090065002441403,2.396854380427472,37.544471167843554,126.86715279847701
391,37.5238357586946,126.828368183732,37.522237761145,126.827391859401,70,36.43966293334961,60.26301193237305,23.823348999023438,6.879731995511072,37.523036759919805,126.8278800215665
392,37.5085599439894,126.864913193946,37.5067310421678,126.864796603904,100,13.29354476928711,20.00212860107422,6.708583831787109,1.8869763292668293,37.5076454930786,126.86485489892499
393,37.5392779704815,126.872690863996,37.5400311501717,126.873141278149,50,31.03955841064453,45.52201461791992,14.48245620727539,8.88059177479175,37.539654560326596,126.8729160710725
394,37.5111626034447,126.843333690607,37.5133391691375,126.84145186048,210,25.27967262268066,28.23385620117188,2.954183578491218,0.5767404663197642,37.5122508862911,126.8423927755435
395,37.5248447165993,126.856176788194,37.5242825943061,126.856706053402,50,13.23773002624512,13.46841716766357,0.23068714141844993,0.16943349005506528,37.524563655452695,126.856441420798
396,37.5463896607494,126.877909572876,37.5458758526928,126.880050131006,70,17.57260322570801,13.67404365539551,3.8985595703125018,1.1327070466092015,37.5461327567211,126.87897985194101
397,37.5212277273529,126.848039884276,37.518545414645,126.848578559744,122,33.61709213256836,43.02421569824219,9.407123565673828,1.7840384132147205,37.51988657099895,126.84830922201
398,37.5156645306556,126.851976191744,37.5155982482525,126.851140869631,100,32.16992950439453,25.52555465698242,6.644374847412113,5.127881774688401,37.51563138945405,126.8515585306875
399,37.5246556069168,126.856555899543,37.5248900247598,126.858103368695,50,13.20456981658936,12.0081844329834,1.1963853836059606,0.49336961055106776,37.524772815838304,126.857329634119
400,37.5341651647201,126.829095997621,37.5336317527648,126.829082167184,150,17.50195503234863,20.51514053344727,3.01318550109864,2.907608752773873,37.53389845874245,126.8290890824025
401,37.5377164258063,126.826726753453,37.5375630371906,126.826393779704,380,19.60420036315918,28.67540740966797,9.071207046508789,14.957952475045628,37.53763973149845,126.8265602665785
402,37.5389857693153,126.825818855801,37.5387501903942,126.825657602173,210,18.48578834533691,20.66288185119629,2.1770935058593786,4.1777317455454615,37.53886797985475,126.825738228987
403,37.4899625347255,126.850814201729,37.4899998136259,126.852662781678,100,45.03049850463867,20.98311805725098,24.04738044738769,8.38467568365238,37.489981174175696,126.8517384917035
404,37.5092844391893,126.850121565218,37.5075253358236,126.850063894694,70,52.82423400878906,37.62028121948242,15.20395278930664,4.443081091918224,37.50840488750645,126.850092729956
405,37.500268243892,126.855822470425,37.5000665942694,126.857079170834,209,21.86387062072754,15.03565788269043,6.828212738037109,3.4547330323064385,37.5001674190807,126.8564508206295
406,37.4705381901964,126.906594248951,37.4713070026715,126.906455601848,85,40.11178970336914,53.19736480712891,13.085575103759773,8.616193002580127,37.47092259643395,126.9065249253995
407,37.4705381901964,126.906594248951,37.4713070026715,126.906455601848,320,40.11178970336914,53.19736480712891,13.085575103759773,8.616193002580127,37.47092259643395,126.9065249253995
408,37.4761326486694,126.905910321726,37.4741043058169,126.905809762384,70,37.26536560058594,49.54741287231445,12.282047271728516,3.114605778381824,37.47511847724315,126.905860042055
409,37.4450057546914,126.904452088247,37.4479993712357,126.903893508808,75,21.75683212280273,27.47889709472656,5.722064971923828,0.9741788403123932,37.44650256296355,126.9041727985275
410,37.4657964727402,126.894936657729,37.4657145013448,126.89425266702,228,21.10177230834961,20.6734676361084,0.42830467224121094,0.4019504760593348,37.4657554870425,126.8945946623745
411,37.465243820979,126.895171531123,37.465229623207,126.894606704168,80,21.64959526062012,21.26828384399414,0.3813114166259801,0.43803337150754756,37.465236722092996,126.8948891176455
412,37.464664525537,126.894827466097,37.4647615847987,126.893942932776,195,21.96655464172363,20.87510299682617,1.091451644897461,0.793446260964983,37.46471305516785,126.8943851994365
413,37.4759838434274,126.901862971117,37.4762713304379,126.901507945386,165,28.16764450073242,27.1333179473877,1.0343265533447195,1.3237842192705505,37.47612758693265,126.9016854582515
414,37.4592077246084,126.907998476535,37.4597029538162,126.907119183387,180,32.23905563354492,30.24604988098145,1.993005752563473,1.1997890464868863,37.4594553392123,126.907558829961
415,37.4725054519002,126.900517950373,37.4719655181779,126.900460333547,150,25.40254974365234,25.08887672424316,0.3136730194091797,0.2982761347925969,37.47223548503905,126.90048914196001
416,37.4722828406414,126.902388508293,37.4718379826603,126.902353024754,200,28.48689460754395,28.75933837890625,0.27244377136230113,0.31493455377772994,37.472060411650844,126.9023707665235
417,37.493466984443,126.901297656813,37.4944940531912,126.903492343568,230,10.19254493713379,16.48498725891113,6.292442321777338,1.6033966155540875,37.4939805188171,126.9023950001905
418,37.4979556007427,126.93609638388,37.4981509791159,126.937010071939,320,51.05942153930664,63.62527084350586,12.565849304199219,8.560074176806802,37.4980532899293,126.9365532279095
419,37.4941422186555,126.935668682309,37.4938956660083,126.936265053642,85,63.72007751464844,72.19835662841797,8.478279113769531,8.132743939710265,37.4940189423319,126.93596686797551
420,37.4930073902976,126.937156532205,37.4927376284789,126.937155966675,190,98.8791732788086,99.70793914794922,0.828765869140625,1.5826247881678757,37.49287250938825,126.93715624944
421,37.4782261328386,126.976972477872,37.4790799876464,126.975041183774,175,25.94955253601074,23.41543579101562,2.534116744995117,0.7442220333387781,37.4786530602425,126.976006830823
422,37.496264594976,126.928701341719,37.4962511350055,126.929393202093,120,31.01949691772461,34.06911087036133,3.0496139526367188,2.8594621130057307,37.49625786499075,126.929047271906
423,37.5103821174002,126.946096399346,37.5107967664035,126.947919028889,45,18.67446136474609,38.10721969604492,19.43275833129883,6.6276724694956775,37.51058944190185,126.9470077141175
424,37.4965249703864,126.936240202321,37.4956627046949,126.937415189912,72,51.98927307128906,72.79747009277344,20.808197021484375,8.383020555462078,37.496093837540656,126.9368276961165
425,37.501152825953,126.936775939233,37.5003760295043,126.937378799359,84,35.3632698059082,40.09873199462891,4.73546218872071,2.672890600948654,37.500764427728654,126.93707736929599
426,37.5079446007369,126.958266526507,37.5097783471759,126.955607326838,56,26.64346504211426,51.66595840454102,25.02249336242676,4.6030101136963735,37.5088614739564,126.95693692667251
427,37.49263841761,126.979047115553,37.4929722576729,126.979142574069,68,33.40658569335938,36.68137741088867,3.2747917175292898,4.91717889779215,37.49280533764146,126.979094844811
428,37.4818772633173,126.970372928603,37.4821607794333,126.969892413138,70,31.83986282348633,36.81852722167969,4.978664398193356,5.383048701319839,37.4820190213753,126.9701326708705
429,37.4976402116746,126.935862112179,37.4975817136504,126.937330696439,130,47.61310195922852,68.17985534667969,20.566753387451165,9.009017335844302,37.4976109626625,126.936596404309
430,37.498281174093,126.945722864641,37.4980718340363,126.947233741392,140,52.76010131835938,82.1090087890625,29.348907470703118,12.238362581395325,37.49817650406465,126.9464783030165
431,37.4805207231933,126.975144833072,37.4806299231225,126.973077939372,240,19.00043106079102,23.02360725402832,4.023176193237301,1.2608937180166535,37.4805753231579,126.974111386222
432,37.4902744845785,126.963617228474,37.4919176789482,126.963413231315,120,62.51672744750977,81.53911590576172,19.022388458251946,5.9152093252357005,37.491096081763345,126.96351522989451
433,37.5105066735435,126.944618926287,37.5089414435154,126.944800821433,72,16.26058197021484,46.76095199584961,30.50037002563477,9.898648888325521,37.50972405852945,126.94470987386
434,37.5022455857879,126.947687586913,37.5009682400274,126.947914434027,130,40.72663879394531,69.77912902832031,29.052490234375,11.450078319831201,37.50160691290765,126.94780101047
435,37.5030453233318,126.934506691721,37.5052397636547,126.933133919908,40,30.19307136535645,34.9449577331543,4.751886367797848,0.9993728949955905,37.504142543493245,126.93382030581449
436,37.4763646501219,126.972363837707,37.4772371695572,126.971904172693,500,47.97065734863281,48.66287612915039,0.6922187805175781,0.3771534715322559,37.476800909839554,126.97213400519999
437,37.4834267898009,126.968184742249,37.482552025443,126.967286372882,690,34.72250747680664,47.66477203369141,12.942264556884773,5.888830613123842,37.48298940762195,126.9677355575655
438,37.5094733119223,126.960021952852,37.5107105830944,126.958233203829,70,23.46955299377441,65.43084716796875,41.961294174194336,11.33473811741724,37.51009194750835,126.9591275783405
439,37.4945750939508,126.960565109906,37.4941557795456,126.960607735677,560,106.3374481201172,107.517936706543,1.1804885864257955,1.4456377340122257,37.4943654367482,126.9605864227915
440,37.4831131631281,126.971413648457,37.4828542143756,126.971048325007,340,20.2314624786377,22.38323402404785,2.1517715454101527,2.8500408417215812,37.48298368875185,126.971230986732
441,37.5066607164423,126.956894098261,37.5070796492021,126.95704654277,210,30.63008499145508,33.98883056640625,3.3587455749511683,3.9627557051019906,37.5068701828222,126.9569703205155
442,37.503597138207,126.953616442845,37.5032267116604,126.953328846557,75,65.60398864746094,64.9060287475586,0.6979598999023438,0.8266020415400533,37.5034119249337,126.95347264470101
443,37.4943529623367,126.935665335277,37.494240564026,126.936251303926,190,63.51212692260742,70.41817474365234,6.906047821044922,7.398353395520815,37.49429676318135,126.9359583196015
444,37.4943458635665,126.936533690956,37.4939074276617,126.937196939358,320,74.83990478515625,97.0831069946289,22.243202209472656,16.280485937815097,37.4941266456141,126.93686531515701
445,37.4789663103967,126.973928957832,37.4789605368132,126.973491991038,105,26.47305297851562,29.00510215759277,2.5320491790771484,3.7565510155383715,37.47896342360495,126.973710474435
446,37.4822032162717,126.970605370059,37.4824790784586,126.970139554649,60,28.22562789916992,32.174072265625,3.9484443664550817,4.402374803436883,37.48234114736515,126.97037246235399
447,37.487412281918,126.967748860871,37.4868289846514,126.96813750625,180,37.71940612792969,27.70667839050293,10.012727737426758,7.771450284768348,37.487120633284704,126.9679431835605
448,37.4876528247101,126.975958842932,37.487307690152,126.975721731661,290,36.55905532836914,29.96539878845215,6.593656539916992,8.578564003159332,37.48748025743105,126.9758402872965
449,37.4876942755847,126.975541823558,37.4875852777469,126.975658661335,210,30.11926078796387,31.29908561706543,1.179824829101559,4.2407632492669,37.4876397766658,126.9756002424465
450,37.4865223241048,126.97147747741,37.4877476639139,126.969899216784,300,41.22045135498047,53.64986419677734,12.429412841796868,3.650439600675298,37.48713499400935,126.970688347097
451,37.504770970912,126.952044123402,37.5051385349722,126.953735937924,220,56.64957427978516,62.6132926940918,5.9637184143066335,2.207212969719356,37.5049547529421,126.952890030663
452,37.490333625399,126.910912590091,37.4903025497887,126.911524249479,500,29.45685958862305,39.9406623840332,10.483802795410153,10.971877340247834,37.49031808759385,126.911218419785
453,37.4974371122083,126.950225871368,37.5000634468446,126.949358087146,250,62.03950881958008,56.93837738037109,5.1011314392089915,0.9680130294383597,37.49875027952645,126.949791979257
454,37.5089530613864,126.94615624059,37.5083521218406,126.945632895908,350,26.60821723937988,48.55611038208008,21.9478931427002,15.122401783021703,37.5086525916135,126.945894568249
455,37.5117284395824,126.942924241754,37.5111991958335,126.942936973363,385,19.29220390319824,20.75795936584473,1.4657554626464915,1.4265094066361896,37.51146381770795,126.94293060755851
456,37.4959257252691,126.930208274749,37.4958312041639,126.929591606322,175,38.77354431152344,37.05947494506836,1.7140693664550781,1.771855503283405,37.4958784647165,126.9298999405355
457,37.4984444507815,126.945168618879,37.4991980199515,126.946672369754,75,47.13350296020508,76.93412780761719,29.80062484741211,10.753907410629832,37.4988212353665,126.9459204943165
458,37.5004965039022,126.936385539275,37.5005423982624,126.936614847714,170,41.65852355957031,41.60256576538086,0.055957794189453125,0.15367936981094169,37.5005194510823,126.9365001934945
459,37.4773986873012,126.937673380473,37.4781805224208,126.939287067987,180,32.0367317199707,54.49162673950195,22.45489501953125,7.665458103618607,37.477789604861,126.93848022423
460,37.4660903056946,126.937708542182,37.4643963201766,126.937548871364,880,62.33460998535156,92.89983367919922,30.565223693847656,9.191688154743316,37.4652433129356,126.937628706773
461,37.4739651318312,126.965376399071,37.473922864733,126.964734179739,285,54.79411315917969,58.40205001831055,3.6079368591308594,3.630155215165151,37.473943998282095,126.965055289405
462,37.4885759051018,126.941604215446,37.4909223254851,126.942003469093,70,69.19168090820312,104.7547149658203,35.56303405761717,7.692852100690992,37.48974911529345,126.94180384226951
463,37.4749068155823,126.940749101742,37.4749578852885,126.943096470299,480,54.92789459228516,96.15746307373047,41.229568481445305,11.252656682165291,37.474932350435395,126.9419227860205
464,37.4738483183768,126.938648560407,37.4745011249306,126.938005670034,285,51.04787445068359,37.67060852050781,13.377265930175774,8.261666149286423,37.4741747216537,126.9383271152205
465,37.477683546969,126.932991609453,37.4761148660238,126.932318193118,235,24.42269897460938,62.53668975830078,38.113990783691406,11.685885811967943,37.4768992064964,126.9326549012855
466,37.468537254771,126.969249919814,37.4699840829941,126.967184571516,330,109.8479690551758,92.84886169433594,16.999107360839858,3.9996933322639556,37.469260668882555,126.968217245665
467,37.4870028371032,126.934072376738,37.4878423982435,126.934075935637,30,23.46072959899902,34.10720062255859,10.646471023559567,6.506033841840032,37.487422617673346,126.9340741561875
468,37.4617796699592,126.915993243638,37.4614417096418,126.915626721499,160,74.96015930175781,79.9584732055664,4.998313903808594,5.756057457931938,37.461610689800494,126.9158099825685
469,37.4879253230576,126.958274612985,37.4882018294611,126.959009878345,210,67.14789581298828,61.3414421081543,5.806453704833984,4.624058302042125,37.48806357625935,126.958642245665
470,37.486945651809,126.941120753672,37.4881512549091,126.941776188909,157,46.75351333618164,61.10874557495117,14.355232238769531,5.615527052743913,37.487548453359054,126.9414484712905
471,37.4838184035727,126.943837564391,37.4837602834938,126.942701190325,180,29.03872299194336,26.07018661499023,2.9685363769531286,1.6922763699402978,37.483789343533246,126.943269377358
472,37.4797271766237,126.96357225766,37.4798859472233,126.963907514458,309,64.45333099365234,71.85250091552734,7.399169921875,12.121581862090443,37.479806561923496,126.963739886059
473,37.4740320974462,126.981500871197,37.4734207823347,126.979442728511,200,21.57058525085449,51.94282150268555,30.37223625183106,8.901034076189795,37.47372643989045,126.980471799854
474,37.4750718935698,126.922823215702,37.4763014112049,126.925062679178,130,61.09487533569336,84.62602996826172,23.53115463256836,5.592710359045855,37.47568665238735,126.92394294744
475,37.4784831283486,126.930693234692,37.4755308568154,126.930193441703,150,27.6863842010498,76.70976257324219,49.02337837219238,8.41896427074559,37.477006992582005,126.9304433381975
476,37.4655600589723,126.93736455622,37.4652703482092,126.936958654994,170,73.32331085205078,86.44954681396484,13.126235961914062,15.24049053098587,37.46541520359075,126.937161605607
477,37.4792099041859,126.933554407266,37.4798076966443,126.934963160432,230,31.6876392364502,69.55389404296875,37.866254806518555,15.035843973295217,37.479508800415104,126.934258783849
478,37.484226175994,126.936831700613,37.48375254512,126.936550001918,200,21.84259414672852,31.25010299682617,9.40750885009765,9.176320881430367,37.483989360557004,126.9366908512655
479,37.4846673504229,126.946395058313,37.484882460437,126.946085440743,60,29.11923408508301,33.81103515625,4.691801071166989,7.362573537299277,37.48477490542995,126.946240249528
480,37.474572360593,126.963120067385,37.474249810292,126.961186152707,20,58.15319061279297,54.46828079223633,3.6849098205566406,1.2104932469356418,37.4744110854425,126.962153110046
481,37.4862101220192,126.957149966801,37.4863697345276,126.95931322604,120,49.21601486206055,59.00973892211914,9.793724060058594,2.9247161025824697,37.4862899282734,126.95823159642049
482,37.4743022250306,126.976014331967,37.4733011476201,126.973640614904,85,28.45446014404297,49.09981155395508,20.64535140991211,4.9740493784827695,37.473801686325345,126.9748274734355
483,37.4692648813505,126.965549488503,37.469516864284,126.966069373783,250,88.53955078125,91.33647155761719,2.7969207763671875,2.9781645709326403,37.46939087281725,126.965809431143
484,37.4851360567561,126.957473160976,37.4834032823952,126.959657194289,100,44.0228385925293,73.95442199707031,29.931583404541016,6.268090240191071,37.48426966957565,126.9585651776325
